id,displayName.text,types,formattedAddress,rating,userRatingCount,reviewsCount,location,websiteUri,internationalPhoneNumber,priceLevel,primaryType,delivery,dineIn,reservable,servesBreakfast,servesLunch,servesDinner,servesBeer,servesWine,regularOpeningHours.weekdayDescriptions
ChIJpXSgrsDbfkcRzf_5kCMmrZI,Roemerkeller Padova,"['italian_restaurant', 'steak_house', 'pizza_restaurant', 'meal_takeaway', 'restaurant', 'food', 'point_of_interest', 'establishment']","Via Romana Aponense, 137, 35142 Padova PD, Italy",4,1414,,,http://www.roemerkeller.it/,+39 328 178 6333,PRICE_LEVEL_MODERATE,italian_restaurant,False,True,True,False,True,True,True,True,"['Monday: 12:00\u2009–\u20092:30\u202fPM, 6:30\u202fPM\u2009–\u200912:00\u202fAM', 'Tuesday: 12:00\u2009–\u20092:30\u202fPM, 6:30\u202fPM\u2009–\u200912:00\u202fAM', 'Wednesday: 12:00\u2009–\u20092:30\u202fPM, 6:30\u202fPM\u2009–\u200912:00\u202fAM', 'Thursday: 12:00\u2009–\u20092:30\u202fPM, 6:30\u202fPM\u2009–\u200912:00\u202fAM', 'Friday: 12:00\u2009–\u20092:30\u202fPM, 6:30\u202fPM\u2009–\u200912:00\u202fAM', 'Saturday: 6:30\u202fPM\u2009–\u200912:30\u202fAM', 'Sunday: 12:00\u2009–\u20093:00\u202fPM, 6:30\u202fPM\u2009–\u200912:00\u202fAM']"
ChIJldHNscHbfkcRaGVL81ecAlI,Enoteca La Botte Piccola,"['bar', 'food', 'point_of_interest', 'establishment']","Via Sorio, 14, 35141 Padova PD, Italy",4.6,291,,,https://m.facebook.com/pages/category/Bar/Enoteca-la-botte-piccola-332212890859585/?locale2=it_IT,+39 347 837 6458,PRICE_LEVEL_MODERATE,bar,False,True,True,,,,True,True,"['Monday: 10:00\u202fAM\u2009–\u20092:30\u202fPM, 5:00\u2009–\u200910:00\u202fPM', 'Tuesday: 10:00\u202fAM\u2009–\u20092:30\u202fPM, 5:00\u2009–\u200910:00\u202fPM', 'Wednesday: 10:00\u202fAM\u2009–\u20092:30\u202fPM, 5:00\u2009–\u200910:00\u202fPM', 'Thursday: 10:00\u202fAM\u2009–\u20092:30\u202fPM, 5:00\u2009–\u200910:00\u202fPM', 'Friday: 10:00\u202fAM\u2009–\u20092:30\u202fPM, 5:00\u2009–\u200910:30\u202fPM', 'Saturday: 10:00\u202fAM\u2009–\u20092:30\u202fPM, 5:00\u2009–\u200910:00\u202fPM', 'Sunday: 5:30\u2009–\u200910:00\u202fPM']"
ChIJAUJTpNHafkcRAsAh6Mm3n28,Villa Barbieri,"['pizza_restaurant', 'event_venue', 'night_club', 'restaurant', 'food', 'point_of_interest', 'establishment']","Via Venezuela, 11, 35127 Padova PD, Italy",3.9,1139,,,http://linktr.ee/villabarbieri,+39 049 870 3223,PRICE_LEVEL_MODERATE,night_club,False,True,True,,,,True,True,"['Monday: Closed', 'Tuesday: 8:00\u202fPM\u2009–\u20094:00\u202fAM', 'Wednesday: Closed', 'Thursday: Closed', 'Friday: 8:00\u202fPM\u2009–\u20094:00\u202fAM', 'Saturday: 8:00\u202fPM\u2009–\u20094:00\u202fAM', 'Sunday: Closed']"
ChIJJ2V2p07bfkcRUn-PDbI80hI,Dai Ragazzi - Cicchetti e ombre,"['bar', 'point_of_interest', 'establishment']","Piazzale Pontecorvo, 35121 Padova PD, Italy",4.5,335,,,,+39 393 111 2069,,bar,False,True,,,,,True,True,"['Monday: Closed', 'Tuesday: 11:00\u202fAM\u2009–\u20093:00\u202fPM, 5:00\u2009–\u200911:00\u202fPM', 'Wednesday: 11:00\u202fAM\u2009–\u20093:00\u202fPM, 5:00\u2009–\u200911:00\u202fPM', 'Thursday: 11:00\u202fAM\u2009–\u20093:00\u202fPM, 5:00\u2009–\u200911:00\u202fPM', 'Friday: 11:00\u202fAM\u2009–\u20093:00\u202fPM, 5:00\u2009–\u200911:00\u202fPM', 'Saturday: 11:00\u202fAM\u2009–\u20093:00\u202fPM, 5:00\u2009–\u200911:00\u202fPM', 'Sunday: 11:00\u202fAM\u2009–\u20093:00\u202fPM, 5:00\u2009–\u200911:00\u202fPM']"
ChIJy1zB1n3ZfkcRSLvFtt2ZaJc,Orazio 1957 - Cucina Veneta & Pizza - Il ristorante e pizzeria che unisce due passioni,"['restaurant', 'banquet_hall', 'pizza_restaurant', 'italian_restaurant', 'meal_takeaway', 'seafood_restaurant', 'event_venue', 'food', 'point_of_interest', 'establishment']","Via Isacco Newton, 7, 35143 Padova PD, Italy",4.3,1985,,,https://orazio1957.com/,+39 329 218 3524,PRICE_LEVEL_INEXPENSIVE,restaurant,True,True,True,False,True,True,True,True,"['Monday: Closed', 'Tuesday: Closed', 'Wednesday: 12:00\u2009–\u20092:30\u202fPM, 7:00\u2009–\u200911:00\u202fPM', 'Thursday: 12:00\u2009–\u20092:30\u202fPM, 7:00\u2009–\u200911:00\u202fPM', 'Friday: 12:00\u2009–\u20092:30\u202fPM, 7:00\u2009–\u200911:00\u202fPM', 'Saturday: 12:00\u2009–\u20092:30\u202fPM, 7:00\u2009–\u200911:00\u202fPM', 'Sunday: 12:00\u2009–\u20092:30\u202fPM, 7:00\u2009–\u200911:00\u202fPM']"
ChIJEeD7SKvbfkcRqo0NAH0k_u8,Zairo,"['italian_restaurant', 'pizza_restaurant', 'restaurant', 'food', 'point_of_interest', 'establishment']","Prato della Valle, 51, 35123 Padova PD, Italy",4.2,2411,,,http://zairo.net/,+39 049 663803,PRICE_LEVEL_MODERATE,italian_restaurant,,True,True,False,True,True,True,True,"['Monday: 12:00\u2009–\u20092:30\u202fPM, 7:00\u202fPM\u2009–\u20091:00\u202fAM', 'Tuesday: 12:00\u2009–\u20092:30\u202fPM, 7:00\u202fPM\u2009–\u20091:00\u202fAM', 'Wednesday: 12:00\u2009–\u20092:30\u202fPM, 7:00\u202fPM\u2009–\u20091:00\u202fAM', 'Thursday: 12:00\u2009–\u20092:30\u202fPM, 7:00\u202fPM\u2009–\u20091:00\u202fAM', 'Friday: 12:00\u2009–\u20092:30\u202fPM, 7:00\u202fPM\u2009–\u20091:00\u202fAM', 'Saturday: 12:00\u2009–\u20092:30\u202fPM, 7:00\u202fPM\u2009–\u20091:00\u202fAM', 'Sunday: 12:00\u2009–\u20092:30\u202fPM, 7:00\u202fPM\u2009–\u200912:00\u202fAM']"
ChIJH_Fr3xDRfkcR2TGS8cl7Dkk,CRAK Brewery & Taproom,"['bar', 'restaurant', 'food', 'point_of_interest', 'establishment']","Via Pontarola, 9, 35011 Campodarsego PD, Italy",4.6,2180,,,http://crakbrewery.com/,+39 049 742 3095,PRICE_LEVEL_MODERATE,bar,False,True,,,,,True,False,"['Monday: 9:00\u202fAM\u2009–\u20091:00\u202fPM, 2:00\u202fPM\u2009–\u20091:00\u202fAM', 'Tuesday: 9:00\u202fAM\u2009–\u20091:00\u202fPM, 2:00\u202fPM\u2009–\u20091:00\u202fAM', 'Wednesday: 9:00\u202fAM\u2009–\u20091:00\u202fPM, 2:00\u202fPM\u2009–\u20091:00\u202fAM', 'Thursday: 9:00\u202fAM\u2009–\u20091:00\u202fPM, 2:00\u202fPM\u2009–\u20091:00\u202fAM', 'Friday: 9:00\u202fAM\u2009–\u20091:00\u202fPM, 2:00\u202fPM\u2009–\u20092:00\u202fAM', 'Saturday: 5:00\u202fPM\u2009–\u20092:00\u202fAM', 'Sunday: 5:00\u202fPM\u2009–\u200912:00\u202fAM']"
ChIJC628jEXafkcRb38-THnIM0E,Bistro Mexicano,"['mexican_restaurant', 'bar', 'restaurant', 'food', 'point_of_interest', 'establishment']","Via dei Livello, 11, 35139 Padova PD, Italy",4.5,1299,,,https://www.bistromexicano.com/,+39 049 875 9203,PRICE_LEVEL_MODERATE,mexican_restaurant,,True,True,False,,True,True,True,"['Monday: Closed', 'Tuesday: 6:30\u202fPM\u2009–\u20092:00\u202fAM', 'Wednesday: 6:30\u202fPM\u2009–\u20092:00\u202fAM', 'Thursday: 6:30\u202fPM\u2009–\u20092:00\u202fAM', 'Friday: 6:30\u202fPM\u2009–\u20092:00\u202fAM', 'Saturday: 6:30\u202fPM\u2009–\u20092:00\u202fAM', 'Sunday: 6:30\u202fPM\u2009–\u20092:00\u202fAM']"
ChIJ0W8f10_afkcRYXJye9E4xdI,Osteria l'Anfora,"['italian_restaurant', 'restaurant', 'food', 'point_of_interest', 'establishment']","Via Soncin, 13, 35121 Padova PD, Italy",4.4,1814,,,https://facebook.com/pages/Osteria-lAnfora/161292750563482,+39 049 656629,PRICE_LEVEL_MODERATE,italian_restaurant,False,True,True,,True,True,True,True,"['Monday: 9:00\u202fAM\u2009–\u200912:00\u202fAM', 'Tuesday: 9:30\u202fAM\u2009–\u200912:00\u202fAM', 'Wednesday: 9:00\u202fAM\u2009–\u200912:00\u202fAM', 'Thursday: 9:00\u202fAM\u2009–\u200912:00\u202fAM', 'Friday: 9:00\u202fAM\u2009–\u200912:00\u202fAM', 'Saturday: 9:00\u202fAM\u2009–\u200912:00\u202fAM', 'Sunday: Closed']"
ChIJpTWHmbzbfkcRdRu-nZfYwIY,Ristorante Pizzeria Il Bassanello,"['italian_restaurant', 'pizza_restaurant', 'seafood_restaurant', 'restaurant', 'food', 'point_of_interest', 'establishment']","Via Adriatica, 3, 35125 Padova PD, Italy",4.2,2132,,,http://www.ristorantebassanello.it/,+39 049 687500,PRICE_LEVEL_MODERATE,italian_restaurant,,True,True,False,True,True,True,True,"['Monday: 12:00\u2009–\u20092:30\u202fPM, 6:00\u202fPM\u2009–\u200912:30\u202fAM', 'Tuesday: 12:00\u2009–\u20092:30\u202fPM, 6:00\u202fPM\u2009–\u200912:30\u202fAM', 'Wednesday: 12:00\u2009–\u20092:30\u202fPM, 6:00\u202fPM\u2009–\u200912:30\u202fAM', 'Thursday: 12:00\u2009–\u20092:30\u202fPM, 6:00\u202fPM\u2009–\u200912:30\u202fAM', 'Friday: 12:00\u2009–\u20092:30\u202fPM, 6:00\u202fPM\u2009–\u200912:30\u202fAM', 'Saturday: 12:00\u2009–\u20092:30\u202fPM, 6:00\u202fPM\u2009–\u200912:30\u202fAM', 'Sunday: 12:00\u2009–\u20092:30\u202fPM, 6:00\u202fPM\u2009–\u200912:30\u202fAM']"
ChIJ_0KcCADbfkcRZ8PDOxP_nGk,Old England Pub - Pub Birreria Padova,"['hamburger_restaurant', 'american_restaurant', 'bar', 'restaurant', 'food', 'point_of_interest', 'establishment']","Via Alessandro Manzoni, 51, 35126 Padova PD, Italy",4.1,1715,,,,+39 049 689 2516,PRICE_LEVEL_MODERATE,restaurant,False,True,True,False,False,True,True,True,"['Monday: 6:30\u202fPM\u2009–\u20091:00\u202fAM', 'Tuesday: 6:30\u202fPM\u2009–\u20091:00\u202fAM', 'Wednesday: 6:30\u202fPM\u2009–\u20091:00\u202fAM', 'Thursday: 6:30\u202fPM\u2009–\u20091:00\u202fAM', 'Friday: 6:30\u202fPM\u2009–\u20092:00\u202fAM', 'Saturday: 6:30\u202fPM\u2009–\u20092:00\u202fAM', 'Sunday: 6:30\u202fPM\u2009–\u20091:00\u202fAM']"
ChIJz4aHi_jbfkcRoPrHfub6BLU,Trattoria San Pietro,"['restaurant', 'italian_restaurant', 'food', 'point_of_interest', 'establishment']","Via S. Pietro, 95, 35139 Padova PD, Italy",4.5,629,,,https://www.trattoriasanpietropadova.it/,+39 049 876 0330,PRICE_LEVEL_MODERATE,restaurant,False,True,True,False,True,True,True,True,"['Monday: 12:30\u2009–\u20092:00\u202fPM, 7:30\u2009–\u200910:00\u202fPM', 'Tuesday: 12:30\u2009–\u20092:00\u202fPM, 7:30\u2009–\u200910:00\u202fPM', 'Wednesday: 12:30\u2009–\u20092:00\u202fPM, 7:30\u2009–\u200910:00\u202fPM', 'Thursday: 7:30\u2009–\u200910:00\u202fPM', 'Friday: 12:30\u2009–\u20092:00\u202fPM, 7:30\u2009–\u200910:00\u202fPM', 'Saturday: 12:30\u2009–\u20092:00\u202fPM, 7:30\u2009–\u200910:00\u202fPM', 'Sunday: Closed']"
ChIJpZZBCGXbfkcRSA80biTZAKo,Exforo,"['restaurant', 'food', 'point_of_interest', 'establishment']","Piazza Rabin, 10, 35123 Padova PD, Italy",4.1,295,,,http://www.exforo.it/,+39 340 820 6428,,restaurant,False,True,True,,True,True,True,True,"['Monday: Closed', 'Tuesday: 6:30\u202fPM\u2009–\u200912:00\u202fAM', 'Wednesday: 6:30\u202fPM\u2009–\u200912:00\u202fAM', 'Thursday: 6:30\u202fPM\u2009–\u200912:00\u202fAM', 'Friday: 6:30\u202fPM\u2009–\u20092:00\u202fAM', 'Saturday: 12:00\u202fPM\u2009–\u20092:00\u202fAM', 'Sunday: 12:00\u2009–\u200910:00\u202fPM']"
ChIJDyi3sZXbfkcRx6Ev8EAcHAo,McDonald's Albignasego,"['fast_food_restaurant', 'restaurant', 'food', 'point_of_interest', 'establishment']","Via Giovanni Verga, 1, 35020 Albignasego PD, Italy",3.7,1152,,,https://www.mcdonalds.it/ristorante/veneto/padova/albignasego-pd,+39 049 691060,PRICE_LEVEL_INEXPENSIVE,fast_food_restaurant,True,True,,True,True,True,,,"['Monday: 9:30\u202fAM\u2009–\u20099:00\u202fPM', 'Tuesday: 9:30\u202fAM\u2009–\u20099:00\u202fPM', 'Wednesday: 9:30\u202fAM\u2009–\u20099:00\u202fPM', 'Thursday: 9:30\u202fAM\u2009–\u20099:00\u202fPM', 'Friday: 9:30\u202fAM\u2009–\u20099:00\u202fPM', 'Saturday: 9:30\u202fAM\u2009–\u20099:00\u202fPM', 'Sunday: 9:00\u202fAM\u2009–\u20099:00\u202fPM']"
ChIJMTPrr3jbfkcRdXuAZ2qdAx8,La Pot Hot Pot - 辣尚瘾 LASHANGYIN,"['restaurant', 'food', 'point_of_interest', 'establishment']","Via Annibale da Bassano, 1, 35135 Padova PD, Italy",4.5,226,,,,+39 049 956 0981,,restaurant,False,True,True,,True,True,True,True,"['Monday: 12:00\u2009–\u20093:00\u202fPM, 6:30\u2009–\u200911:30\u202fPM', 'Tuesday: 12:00\u2009–\u20093:00\u202fPM, 6:30\u2009–\u200911:30\u202fPM', 'Wednesday: 12:00\u2009–\u20093:00\u202fPM, 6:30\u2009–\u200911:30\u202fPM', 'Thursday: 12:00\u2009–\u20093:00\u202fPM, 6:30\u2009–\u200911:30\u202fPM', 'Friday: 12:00\u2009–\u20093:00\u202fPM, 6:30\u2009–\u200911:30\u202fPM', 'Saturday: 12:00\u2009–\u20093:00\u202fPM, 6:30\u2009–\u200911:30\u202fPM', 'Sunday: 12:00\u2009–\u20093:00\u202fPM, 6:30\u2009–\u200911:30\u202fPM']"
ChIJq1tkYZPbfkcRMD6SKviCEQk,Diemme Strada Battaglia,"['bar', 'pizza_restaurant', 'restaurant', 'food', 'point_of_interest', 'establishment']","Via Battaglia, 71, 35020 Albignasego PD, Italy",4.2,1764,,,https://www.diemmestradabattaglia.com/,+39 049 213 1821,PRICE_LEVEL_MODERATE,bar,False,True,True,,,,True,True,"['Monday: 7:00\u202fAM\u2009–\u200912:00\u202fAM', 'Tuesday: 7:00\u202fAM\u2009–\u200912:00\u202fAM', 'Wednesday: 7:00\u202fAM\u2009–\u200912:00\u202fAM', 'Thursday: 7:00\u202fAM\u2009–\u200912:00\u202fAM', 'Friday: 7:00\u202fAM\u2009–\u200912:00\u202fAM', 'Saturday: 7:00\u202fAM\u2009–\u200912:00\u202fAM', 'Sunday: 6:00\u202fPM\u2009–\u200912:00\u202fAM']"
ChIJT7iD_0_afkcR_q-VVg3OgaM,All'Ombra Della Piazza,"['restaurant', 'food', 'point_of_interest', 'establishment']","Via Pietro D'Abano, 16, 35139 Padova PD, Italy",4.6,1564,,,http://www.allombradellapiazza.com/,+39 049 875 7343,PRICE_LEVEL_MODERATE,restaurant,False,True,True,,True,,True,True,"['Monday: 11:00\u202fAM\u2009–\u200911:45\u202fPM', 'Tuesday: 11:00\u202fAM\u2009–\u200911:45\u202fPM', 'Wednesday: 11:00\u202fAM\u2009–\u200911:45\u202fPM', 'Thursday: 11:00\u202fAM\u2009–\u200911:45\u202fPM', 'Friday: 11:00\u202fAM\u2009–\u200911:45\u202fPM', 'Saturday: 11:00\u202fAM\u2009–\u200911:45\u202fPM', 'Sunday: 11:00\u202fAM\u2009–\u200910:00\u202fPM']"
ChIJ8Sf9xKTbfkcRKm6E4G2rl3g,Pier88,"['coffee_shop', 'cafe', 'bar', 'store', 'food', 'point_of_interest', 'establishment']","Lungargine Scaricatore, 37, 35124 Padova PD, Italy",4.4,2050,,,http://www.pier88.it/,,PRICE_LEVEL_MODERATE,coffee_shop,False,True,True,True,True,True,True,True,"['Monday: 8:00\u202fAM\u2009–\u200912:00\u202fAM', 'Tuesday: Closed', 'Wednesday: 8:00\u202fAM\u2009–\u20092:00\u202fAM', 'Thursday: 8:00\u202fAM\u2009–\u20092:00\u202fAM', 'Friday: 8:00\u202fAM\u2009–\u20092:00\u202fAM', 'Saturday: 9:00\u202fAM\u2009–\u20092:00\u202fAM', 'Sunday: 9:00\u202fAM\u2009–\u200912:00\u202fAM']"
ChIJMeOcdHzZfkcRTvVPkbKVRiY,KANTU ristorante peruviano,"['vegetarian_restaurant', 'restaurant', 'food', 'point_of_interest', 'establishment']","Via Sette Martiri, 170, 35143 Padova PD, Italy",4.6,1300,,,,+39 049 817 2066,PRICE_LEVEL_MODERATE,restaurant,,True,True,,True,True,True,True,"['Monday: Closed', 'Tuesday: 6:00\u2009–\u200911:45\u202fPM', 'Wednesday: 6:00\u2009–\u200911:45\u202fPM', 'Thursday: 6:00\u2009–\u200911:45\u202fPM', 'Friday: 12:00\u2009–\u20092:30\u202fPM, 6:00\u2009–\u200911:45\u202fPM', 'Saturday: 12:00\u2009–\u20092:30\u202fPM, 6:00\u2009–\u200911:45\u202fPM', 'Sunday: 12:00\u2009–\u20092:30\u202fPM, 6:00\u2009–\u200911:45\u202fPM']"
ChIJpdXyXmvafkcR-xt27nsrGVk,E' Fantasia-Mappaluna Ludoteca Ristorante-Pizzeria,"['pizza_restaurant', 'park', 'restaurant', 'food', 'point_of_interest', 'establishment']","Via Ticino, 11, 35135 Padova PD, Italy",4.2,1410,,,http://www.efantasia.it/,+39 345 263 0287,PRICE_LEVEL_MODERATE,,,True,,,,,,,"['Monday: Closed', 'Tuesday: 3:00\u2009–\u200911:00\u202fPM', 'Wednesday: 3:00\u2009–\u200911:00\u202fPM', 'Thursday: 3:00\u2009–\u200911:00\u202fPM', 'Friday: 3:00\u2009–\u200911:00\u202fPM', 'Saturday: 10:00\u202fAM\u2009–\u200911:30\u202fPM', 'Sunday: 10:00\u202fAM\u2009–\u200911:00\u202fPM']"
ChIJScQPg6_bfkcRCjD2IcCbQVI,Radici Gourmet,"['restaurant', 'food', 'point_of_interest', 'establishment']","Via Andrea Costa, 18/a, 35124 Padova PD, Italy",4.5,857,,,https://www.radicirestaurant.it/,+39 049 232 0525,PRICE_LEVEL_MODERATE,restaurant,,True,True,True,True,True,True,True,"['Monday: 10:00\u202fAM\u2009–\u200910:30\u202fPM', 'Tuesday: 10:00\u202fAM\u2009–\u200910:30\u202fPM', 'Wednesday: 10:00\u202fAM\u2009–\u200910:30\u202fPM', 'Thursday: 10:00\u202fAM\u2009–\u200910:30\u202fPM', 'Friday: 10:00\u202fAM\u2009–\u200910:30\u202fPM', 'Saturday: 10:00\u202fAM\u2009–\u200910:30\u202fPM', 'Sunday: Closed']"
ChIJwzs5vKLbfkcRp43hqXskPKw,Enoteca Barcollo,"['bar', 'food', 'point_of_interest', 'establishment']","Via Alessandro Guidi, 23, 35142 Padova PD, Italy",4.3,316,,,,+39 393 082 6866,PRICE_LEVEL_MODERATE,bar,False,True,True,,,,True,True,"['Monday: Closed', 'Tuesday: Closed', 'Wednesday: 6:00\u2009–\u200911:00\u202fPM', 'Thursday: 6:00\u2009–\u200911:00\u202fPM', 'Friday: 6:00\u2009–\u200911:00\u202fPM', 'Saturday: 6:00\u2009–\u200911:00\u202fPM', 'Sunday: 6:00\u2009–\u200911:00\u202fPM']"
ChIJE49DguzQfkcREnGf6-fZF_A,McDonald's,"['fast_food_restaurant', 'hamburger_restaurant', 'american_restaurant', 'breakfast_restaurant', 'restaurant', 'food', 'point_of_interest', 'establishment']","Via Pontevigodarzere, 2, 35133 Padova PD, Italy",4,3002,,,http://www.mcdonalds.it/,+39 049 864 9227,PRICE_LEVEL_INEXPENSIVE,fast_food_restaurant,True,True,,True,True,True,False,False,"['Monday: 7:00\u202fAM\u2009–\u20093:00\u202fAM', 'Tuesday: 7:00\u202fAM\u2009–\u20093:00\u202fAM', 'Wednesday: 7:00\u202fAM\u2009–\u20093:00\u202fAM', 'Thursday: 7:00\u202fAM\u2009–\u20093:00\u202fAM', 'Friday: 7:00\u202fAM\u2009–\u20096:30\u202fAM', 'Saturday: 7:00\u202fAM\u2009–\u20096:30\u202fAM', 'Sunday: 7:00\u202fAM\u2009–\u20093:00\u202fAM']"
ChIJS6VOIcjbfkcRaweJwl6H4sc,Couvertennis Snc,"['pizza_restaurant', 'swimming_pool', 'sports_complex', 'health', 'restaurant', 'food', 'point_of_interest', 'establishment']","Via Monte Pertica, 47, 35143 Padova PD, Italy",4.1,421,,,http://www.couver.it/,+39 049 876 1610,,,,,,,,,,,
ChIJhcQ-1UvafkcREQWtMI2uyIM,St.John'S Pub,"['bar', 'restaurant', 'food', 'point_of_interest', 'establishment']","Via Cristoforo Moro, 2, 35141 Padova PD, Italy",4.1,1121,,,https://m.facebook.com/stjohnspub.ristorante.karaoke.musica.birreria/?locale2=it_IT,+39 049 871 0238,PRICE_LEVEL_MODERATE,bar,False,True,True,,,,True,True,"['Monday: 6:00\u202fPM\u2009–\u20094:00\u202fAM', 'Tuesday: Closed', 'Wednesday: 6:00\u202fPM\u2009–\u20094:00\u202fAM', 'Thursday: 6:00\u202fPM\u2009–\u20094:00\u202fAM', 'Friday: 6:00\u202fPM\u2009–\u20094:00\u202fAM', 'Saturday: 6:00\u202fPM\u2009–\u20094:00\u202fAM', 'Sunday: 6:00\u202fPM\u2009–\u20094:00\u202fAM']"
ChIJ-0Py_KTafkcRQCpz5LK1eMc,Le Staffe,"['restaurant', 'night_club', 'bar', 'food', 'point_of_interest', 'establishment']","Via dell'Ippodromo, 4, 35129 Padova PD, Italy",4.1,2136,,,http://www.lestaffe.it/,+39 366 296 9424,PRICE_LEVEL_MODERATE,restaurant,False,True,True,False,,True,True,True,"['Monday: Closed', 'Tuesday: 6:00\u202fPM\u2009–\u20092:00\u202fAM', 'Wednesday: 6:00\u202fPM\u2009–\u20092:00\u202fAM', 'Thursday: 6:00\u202fPM\u2009–\u20092:00\u202fAM', 'Friday: 6:00\u202fPM\u2009–\u20092:00\u202fAM', 'Saturday: 6:00\u202fPM\u2009–\u20092:00\u202fAM', 'Sunday: 6:00\u202fPM\u2009–\u20092:00\u202fAM']"
ChIJmShy2QTbfkcRoPeMDtwZ6pE,iDon Padova,"['pizza_restaurant', 'italian_restaurant', 'restaurant', 'food', 'point_of_interest', 'establishment']","Via Jacopo Crescini, 99, 35126 Padova PD, Italy",4.1,2373,,,http://www.idongroup.it/,+39 049 754895,PRICE_LEVEL_MODERATE,pizza_restaurant,True,True,True,False,True,True,True,True,"['Monday: 12:00\u2009–\u20093:00\u202fPM, 7:00\u2009–\u200911:30\u202fPM', 'Tuesday: 12:00\u2009–\u20093:00\u202fPM, 7:00\u2009–\u200911:30\u202fPM', 'Wednesday: 12:00\u2009–\u20093:00\u202fPM, 7:00\u2009–\u200911:30\u202fPM', 'Thursday: 12:00\u2009–\u20093:00\u202fPM, 7:00\u2009–\u200911:30\u202fPM', 'Friday: 12:00\u2009–\u20093:00\u202fPM, 7:00\u2009–\u200911:30\u202fPM', 'Saturday: 12:00\u2009–\u20093:00\u202fPM, 7:00\u2009–\u200911:30\u202fPM', 'Sunday: 12:00\u2009–\u20093:00\u202fPM, 7:00\u2009–\u200911:30\u202fPM']"
ChIJ3QzdNFDafkcRBrO_ywlNWs4,Hotel Majestic Toscanelli Padua,"['hotel', 'convention_center', 'event_venue', 'bar', 'lodging', 'point_of_interest', 'establishment']","Via dell'Arco, 2, 35122 Padova PD, Italy",4.1,289,,,http://www.toscanelli.com/,+39 049 663244,,hotel,,,,,,,,,
ChIJtSDfulHafkcRXqCEUnZKrN0,Bar Ristorante Pizzeria Otivm Lunch Cafe',"['bar', 'hamburger_restaurant', 'vegan_restaurant', 'fast_food_restaurant', 'vegetarian_restaurant', 'sandwich_shop', 'american_restaurant', 'restaurant', 'food', 'point_of_interest', 'establishment']","Via Roma, 69, 35122 Padova PD, Italy",4.4,3165,,,http://www.otivm.it/,+39 049 658328,PRICE_LEVEL_MODERATE,bar,False,True,True,,,,True,True,"['Monday: 9:00\u202fAM\u2009–\u20092:00\u202fAM', 'Tuesday: 9:00\u202fAM\u2009–\u20092:00\u202fAM', 'Wednesday: 9:00\u202fAM\u2009–\u20092:00\u202fAM', 'Thursday: 9:00\u202fAM\u2009–\u20092:00\u202fAM', 'Friday: 9:00\u202fAM\u2009–\u20092:00\u202fAM', 'Saturday: 9:00\u202fAM\u2009–\u20092:00\u202fAM', 'Sunday: 9:00\u202fAM\u2009–\u20092:00\u202fAM']"
ChIJuQSdGbPbfkcRWagk-0DjIIg,Bar Garden City,"['bar', 'store', 'restaurant', 'food', 'point_of_interest', 'establishment']","Via Francesco Nullo, 6, 35122 Padova PD, Italy",4.3,524,,,https://www.cittagiardinodaignazio.com/,+39 049 661583,PRICE_LEVEL_MODERATE,restaurant,True,True,True,True,True,True,True,True,"['Monday: 7:00\u202fAM\u2009–\u200910:00\u202fPM', 'Tuesday: 7:00\u202fAM\u2009–\u200910:00\u202fPM', 'Wednesday: 7:00\u202fAM\u2009–\u200910:00\u202fPM', 'Thursday: 7:00\u202fAM\u2009–\u200910:00\u202fPM', 'Friday: 7:00\u202fAM\u2009–\u200910:00\u202fPM', 'Saturday: 8:00\u202fAM\u2009–\u200910:00\u202fPM', 'Sunday: 8:00\u202fAM\u2009–\u200910:00\u202fPM']"
ChIJez3mtJLbfkcRkFmBI3AbBgo,KFC,"['restaurant', 'fast_food_restaurant', 'meal_takeaway', 'food', 'point_of_interest', 'establishment']","Piazzale della Stazione, 4, 35131 Padova PD, Italy",3.8,1781,,,http://www.kfc.it/,+39 049 099 0285,PRICE_LEVEL_INEXPENSIVE,restaurant,True,True,False,True,True,True,False,False,"['Monday: 12:00\u2009–\u20099:00\u202fPM', 'Tuesday: 12:00\u2009–\u20099:00\u202fPM', 'Wednesday: 12:00\u2009–\u20099:00\u202fPM', 'Thursday: 12:00\u2009–\u20099:00\u202fPM', 'Friday: 12:00\u2009–\u20099:00\u202fPM', 'Saturday: 12:00\u2009–\u20099:00\u202fPM', 'Sunday: 12:00\u2009–\u20099:00\u202fPM']"
ChIJIXkQY5_rgUcRXE1-C0FCeR0,Autogrill Limenella,"['restaurant', 'sandwich_shop', 'grocery_store', 'bar', 'food', 'point_of_interest', 'store', 'establishment']","Autostrada Torino- Trieste, 4, 35100 Padova PD, Italy",3.8,12542,,,http://autogrill.it/,+39 049 864 8057,PRICE_LEVEL_MODERATE,restaurant,False,True,False,True,True,True,True,True,"['Monday: Open 24 hours', 'Tuesday: Open 24 hours', 'Wednesday: Open 24 hours', 'Thursday: Open 24 hours', 'Friday: Open 24 hours', 'Saturday: Open 24 hours', 'Sunday: Open 24 hours']"
ChIJhx51N2_bfkcRhU5UA82pJqY,C'è o non C'è,"['pizza_restaurant', 'italian_restaurant', 'meal_takeaway', 'bar', 'restaurant', 'food', 'point_of_interest', 'establishment']","Via Pietro Bembo, 149, 35124 Padova PD, Italy",4.2,1596,,,https://www.ceononce.it/,+39 049 691422,PRICE_LEVEL_MODERATE,pizza_restaurant,,True,True,False,False,True,True,True,"['Monday: 7:00\u202fPM\u2009–\u200912:00\u202fAM', 'Tuesday: Closed', 'Wednesday: 7:00\u202fPM\u2009–\u200912:00\u202fAM', 'Thursday: 7:00\u202fPM\u2009–\u200912:00\u202fAM', 'Friday: 7:00\u202fPM\u2009–\u200912:00\u202fAM', 'Saturday: 7:00\u202fPM\u2009–\u200912:00\u202fAM', 'Sunday: 7:00\u202fPM\u2009–\u200912:00\u202fAM']"
ChIJ-y2_lD7afkcRfuWr-pW2IEU,Bamboo Cafe (Mma Silvestrin Snc Di Matteo & C),"['bar', 'restaurant', 'food', 'point_of_interest', 'establishment']","Via Giacinto Carini, 5, 35138 Padova PD, Italy",4.3,983,,,https://www.bamboocafe.it/,+39 375 702 4005,PRICE_LEVEL_MODERATE,bar,True,True,True,True,True,True,True,True,"['Monday: 11:30\u202fAM\u2009–\u20093:30\u202fPM, 5:30\u202fPM\u2009–\u20092:00\u202fAM', 'Tuesday: 11:30\u202fAM\u2009–\u20093:30\u202fPM, 5:30\u202fPM\u2009–\u20092:00\u202fAM', 'Wednesday: 11:30\u202fAM\u2009–\u20093:30\u202fPM, 5:30\u202fPM\u2009–\u20092:00\u202fAM', 'Thursday: 11:30\u202fAM\u2009–\u20093:30\u202fPM, 5:30\u202fPM\u2009–\u20093:00\u202fAM', 'Friday: 11:30\u202fAM\u2009–\u20093:30\u202fPM, 5:30\u202fPM\u2009–\u20093:00\u202fAM', 'Saturday: 5:30\u202fPM\u2009–\u20093:00\u202fAM', 'Sunday: 5:15\u202fPM\u2009–\u20092:00\u202fAM']"
ChIJ2x4rCOzafkcRLZ0HUZrw_SE,McDonald's,"['fast_food_restaurant', 'hamburger_restaurant', 'american_restaurant', 'restaurant', 'food', 'point_of_interest', 'establishment']","Via Venezia, 92, 35131 Padova PD, Italy",3.5,3634,,,http://www.mcdonalds.it/,+39 049 780 1703,PRICE_LEVEL_INEXPENSIVE,fast_food_restaurant,True,True,,True,True,True,True,,"['Monday: 10:30\u202fAM\u2009–\u20091:00\u202fAM', 'Tuesday: 10:30\u202fAM\u2009–\u20091:00\u202fAM', 'Wednesday: 10:30\u202fAM\u2009–\u20091:00\u202fAM', 'Thursday: 10:30\u202fAM\u2009–\u20091:00\u202fAM', 'Friday: 10:30\u202fAM\u2009–\u20094:00\u202fAM', 'Saturday: 10:30\u202fAM\u2009–\u20094:00\u202fAM', 'Sunday: 10:30\u202fAM\u2009–\u20091:00\u202fAM']"
ChIJ81IpJZTZfkcR-hM8h-BN7aw,Spiller | Padova,"['pizza_restaurant', 'bar', 'restaurant', 'food', 'point_of_interest', 'establishment']","Via Fornace Morandi, 24/B, 35133 Padova PD, Italy",4,6175,,,https://www.spillerbirrerie.it/it/,+39 049 864 4822,PRICE_LEVEL_MODERATE,bar,True,True,True,False,True,True,True,True,"['Monday: 12:00\u2009–\u20093:00\u202fPM, 7:00\u202fPM\u2009–\u20091:00\u202fAM', 'Tuesday: 12:00\u2009–\u20093:00\u202fPM, 7:00\u202fPM\u2009–\u20091:00\u202fAM', 'Wednesday: 12:00\u2009–\u20093:00\u202fPM, 7:00\u202fPM\u2009–\u20091:00\u202fAM', 'Thursday: 12:00\u2009–\u20093:00\u202fPM, 7:00\u202fPM\u2009–\u20091:00\u202fAM', 'Friday: 12:00\u2009–\u20093:00\u202fPM, 7:00\u202fPM\u2009–\u20092:00\u202fAM', 'Saturday: 12:00\u2009–\u20093:00\u202fPM, 7:00\u202fPM\u2009–\u20092:00\u202fAM', 'Sunday: 12:00\u2009–\u20093:00\u202fPM, 7:00\u202fPM\u2009–\u200912:00\u202fAM']"
ChIJ4VnhIP_bfkcR4gvnFrfodKw,Ginovino,"['bar', 'food', 'point_of_interest', 'establishment']","Via Guizza Conselvana, 196, 35125 Padova PD, Italy",4.1,182,,,https://ginovinopadova.com/,+39 348 531 1721,PRICE_LEVEL_MODERATE,bar,,True,True,,,,True,True,"['Monday: 9:00\u202fAM\u2009–\u200910:00\u202fPM', 'Tuesday: 9:00\u202fAM\u2009–\u20091:00\u202fPM, 3:30\u2009–\u200910:00\u202fPM', 'Wednesday: 9:00\u202fAM\u2009–\u20091:00\u202fPM, 3:30\u2009–\u200910:00\u202fPM', 'Thursday: 9:00\u202fAM\u2009–\u20091:00\u202fPM, 3:30\u2009–\u200910:00\u202fPM', 'Friday: 9:00\u202fAM\u2009–\u20091:00\u202fPM, 3:30\u2009–\u200910:00\u202fPM', 'Saturday: 9:00\u202fAM\u2009–\u20091:00\u202fPM, 3:30\u2009–\u200910:00\u202fPM', 'Sunday: 4:00\u2009–\u200910:00\u202fPM']"
ChIJfz6I4gDbfkcR41z6I9kFOW8,Birrificio CRAK | Casana | Birra Artigianale,"['bar', 'restaurant', 'food', 'point_of_interest', 'establishment']","Via Santi Fabiano e Sebastiano, 13, 35143 Padova PD, Italy",4.5,1183,,,https://www.crakbrewery.com/casana/,+39 049 742 3095,PRICE_LEVEL_MODERATE,bar,False,True,,,,,True,True,"['Monday: 5:00\u202fPM\u2009–\u20091:00\u202fAM', 'Tuesday: 5:00\u202fPM\u2009–\u20091:00\u202fAM', 'Wednesday: 5:00\u202fPM\u2009–\u20091:00\u202fAM', 'Thursday: 5:00\u202fPM\u2009–\u20091:00\u202fAM', 'Friday: 5:00\u202fPM\u2009–\u20092:00\u202fAM', 'Saturday: 5:00\u202fPM\u2009–\u20092:00\u202fAM', 'Sunday: 12:00\u202fPM\u2009–\u200912:00\u202fAM']"
ChIJx1Rq_LTafkcRuQG14Subg9g,Galloway,"['bar', 'restaurant', 'food', 'point_of_interest', 'establishment']","Via Nona Strada, 23/R, 35129 Padova PD, Italy",4.1,1484,,,,+39 049 780 8398,PRICE_LEVEL_MODERATE,bar,False,True,True,,True,True,True,True,"['Monday: 12:00\u2009–\u20092:30\u202fPM, 7:00\u2009–\u200911:00\u202fPM', 'Tuesday: 12:00\u2009–\u20092:30\u202fPM, 7:00\u2009–\u200911:00\u202fPM', 'Wednesday: 12:00\u2009–\u20092:30\u202fPM, 7:00\u2009–\u200911:00\u202fPM', 'Thursday: 12:00\u2009–\u20092:30\u202fPM, 7:00\u2009–\u200911:00\u202fPM', 'Friday: 12:00\u2009–\u20092:30\u202fPM, 7:00\u202fPM\u2009–\u200912:00\u202fAM', 'Saturday: 7:00\u202fPM\u2009–\u200912:00\u202fAM', 'Sunday: 12:00\u2009–\u20092:30\u202fPM, 7:00\u202fPM\u2009–\u200912:00\u202fAM']"
ChIJCXOHn5jbfkcRvuv4_LKBOu4,Anima Underground,"['bar', 'coffee_shop', 'liquor_store', 'cafe', 'night_club', 'food', 'point_of_interest', 'store', 'establishment']","Via della Croce Rossa, 46, 35129 Padova PD, Italy",4.2,384,,,https://www.facebook.com/AnimaPadova/,+39 338 744 3089,PRICE_LEVEL_MODERATE,bar,False,True,True,,,,True,True,"['Monday: Closed', 'Tuesday: Closed', 'Wednesday: 6:00\u202fPM\u2009–\u20091:00\u202fAM', 'Thursday: 6:00\u202fPM\u2009–\u20091:00\u202fAM', 'Friday: 6:00\u202fPM\u2009–\u20094:00\u202fAM', 'Saturday: 6:00\u202fPM\u2009–\u20094:00\u202fAM', 'Sunday: Closed']"
ChIJDVFEKlfafkcRAp9y-gI1RgE,Padova Pride Village,"['night_club', 'event_venue', 'bar', 'restaurant', 'food', 'point_of_interest', 'establishment']","c/o Fiera di, Via Francesco Rismondo, 35131 Padova PD, Italy",4.2,1610,,,https://www.pridevillage.it/,,PRICE_LEVEL_MODERATE,night_club,False,True,True,,,,True,True,
ChIJLa3j_rDbfkcRApbTngSgAJM,Yama Sushi Padova,"['japanese_restaurant', 'restaurant', 'food', 'point_of_interest', 'establishment']","Via Venezia, 65, 35131 Padova PD, Italy",4.3,2001,,,http://www.yamasushipadova.it/,+39 049 522 0200,PRICE_LEVEL_MODERATE,japanese_restaurant,True,True,True,False,True,True,True,True,"['Monday: 12:00\u2009–\u20093:00\u202fPM, 7:00\u2009–\u200911:30\u202fPM', 'Tuesday: Closed', 'Wednesday: 12:00\u2009–\u20093:00\u202fPM, 7:00\u2009–\u200911:30\u202fPM', 'Thursday: 12:00\u2009–\u20093:00\u202fPM, 7:00\u2009–\u200911:30\u202fPM', 'Friday: 12:00\u2009–\u20093:00\u202fPM, 7:00\u2009–\u200911:30\u202fPM', 'Saturday: 12:00\u2009–\u20093:00\u202fPM, 7:00\u2009–\u200911:30\u202fPM', 'Sunday: 12:00\u2009–\u20093:00\u202fPM, 7:00\u2009–\u200911:30\u202fPM']"
ChIJd8Y3JVvafkcRlOT13RNuSaQ,Hotel Europa,"['hotel', 'lodging', 'restaurant', 'food', 'point_of_interest', 'establishment']","Largo Europa, 9/10, 35137 Padova PD, Italy",4,707,,,http://www.hoteleuropapd.it/,+39 049 661200,,hotel,,,,,,,,,"['Monday: Open 24 hours', 'Tuesday: Open 24 hours', 'Wednesday: Open 24 hours', 'Thursday: Open 24 hours', 'Friday: Open 24 hours', 'Saturday: Open 24 hours', 'Sunday: Open 24 hours']"
ChIJQR9o0zTafkcRA76TSnrQuiw,Fastdrink24,"['restaurant', 'pizza_restaurant', 'hamburger_restaurant', 'meal_takeaway', 'american_restaurant', 'bar', 'food', 'point_of_interest', 'establishment']","Via Sorio, 64/A, 35141 Padova PD, Italy",4.2,647,,,http://www.fastdrink24.it/,+39 345 173 7833,PRICE_LEVEL_INEXPENSIVE,restaurant,True,True,True,False,,True,True,True,"['Monday: 6:30\u202fPM\u2009–\u20092:30\u202fAM', 'Tuesday: 6:30\u202fPM\u2009–\u20092:30\u202fAM', 'Wednesday: 6:30\u202fPM\u2009–\u20092:30\u202fAM', 'Thursday: 6:30\u202fPM\u2009–\u20092:30\u202fAM', 'Friday: 6:30\u202fPM\u2009–\u20094:00\u202fAM', 'Saturday: 6:30\u202fPM\u2009–\u20094:00\u202fAM', 'Sunday: 6:30\u202fPM\u2009–\u20092:30\u202fAM']"
ChIJndkoTl3afkcRDto-rckMt7o,McDonald's,"['fast_food_restaurant', 'hamburger_restaurant', 'american_restaurant', 'restaurant', 'food', 'point_of_interest', 'establishment']","Piazzale della Stazione, 5, 35131 Padova PD, Italy",3.2,3049,,,http://www.mcdonalds.it/,+39 049 654930,PRICE_LEVEL_INEXPENSIVE,fast_food_restaurant,True,True,,True,True,True,False,False,"['Monday: 7:00\u202fAM\u2009–\u200910:00\u202fPM', 'Tuesday: 7:00\u202fAM\u2009–\u200910:00\u202fPM', 'Wednesday: 7:00\u202fAM\u2009–\u200910:00\u202fPM', 'Thursday: 7:00\u202fAM\u2009–\u200910:00\u202fPM', 'Friday: 7:00\u202fAM\u2009–\u200910:00\u202fPM', 'Saturday: 7:00\u202fAM\u2009–\u200910:00\u202fPM', 'Sunday: 8:00\u202fAM\u2009–\u200910:00\u202fPM']"
ChIJv5RfikXafkcRGeLQgpoFDdI,Peace ‘n’ Spice,"['restaurant', 'food', 'point_of_interest', 'establishment']","Via Dondi dall'Orologio, 13, 35139 Padova PD, Italy",4.5,1892,,,http://www.peaceandspice.com/,+39 049 663450,PRICE_LEVEL_INEXPENSIVE,restaurant,True,True,True,,True,True,True,True,"['Monday: 12:00\u2009–\u200911:30\u202fPM', 'Tuesday: 12:00\u2009–\u200911:30\u202fPM', 'Wednesday: 12:00\u2009–\u200911:30\u202fPM', 'Thursday: 12:00\u2009–\u200911:30\u202fPM', 'Friday: 12:00\u2009–\u200911:30\u202fPM', 'Saturday: 12:00\u2009–\u200911:30\u202fPM', 'Sunday: 12:00\u2009–\u200911:30\u202fPM']"
ChIJ4_4zZlbcfkcRXRdhHcxNJs8,Villa Ferri Centro Sportivo Piscine Campi da calcetto,"['pizza_restaurant', 'swimming_pool', 'sports_complex', 'restaurant', 'food', 'point_of_interest', 'establishment']","Via Bosco Papadopoli, 2, 35125 Padova PD, Italy",3.9,1264,,,https://www.centrovillaferri.it/,+39 049 731 3049,,swimming_pool,,,,,,,,,"['Monday: 9:00\u202fAM\u2009–\u200912:00\u202fAM', 'Tuesday: 9:00\u202fAM\u2009–\u200912:00\u202fAM', 'Wednesday: 9:00\u202fAM\u2009–\u200912:00\u202fAM', 'Thursday: 9:00\u202fAM\u2009–\u200912:00\u202fAM', 'Friday: 9:00\u202fAM\u2009–\u200912:00\u202fAM', 'Saturday: 9:00\u202fAM\u2009–\u200912:00\u202fAM', 'Sunday: 9:00\u202fAM\u2009–\u200910:00\u202fPM']"
ChIJP-ZEOlTafkcRFi8zBVerMvg,Soul Kitchen,"['hamburger_restaurant', 'fast_food_restaurant', 'american_restaurant', 'bar', 'restaurant', 'food', 'point_of_interest', 'establishment']","Via del Santo, 23, 35123 Padova PD, Italy",4.6,1480,,,,+39 049 664818,PRICE_LEVEL_MODERATE,hamburger_restaurant,True,True,True,False,True,True,True,True,"['Monday: Closed', 'Tuesday: 12:00\u2009–\u20092:30\u202fPM, 7:00\u2009–\u200911:00\u202fPM', 'Wednesday: 12:00\u2009–\u20092:30\u202fPM, 7:00\u2009–\u200911:00\u202fPM', 'Thursday: 12:00\u2009–\u20092:30\u202fPM, 7:00\u2009–\u200911:00\u202fPM', 'Friday: 12:00\u2009–\u20092:30\u202fPM, 7:00\u2009–\u200911:00\u202fPM', 'Saturday: 12:00\u2009–\u20092:30\u202fPM, 7:00\u2009–\u200911:00\u202fPM', 'Sunday: 12:00\u2009–\u20092:30\u202fPM, 7:00\u2009–\u200911:00\u202fPM']"
ChIJYZWTbvbafkcRfxS4GgwkFNA,Naviglio Padova,"['bar', 'point_of_interest', 'establishment']","Viale Giuseppe Colombo, 35131 Padova PD, Italy",4.2,2131,,,,,PRICE_LEVEL_MODERATE,bar,False,True,False,,,,True,True,"['Monday: 4:00\u202fPM\u2009–\u20092:00\u202fAM', 'Tuesday: 4:00\u202fPM\u2009–\u20092:00\u202fAM', 'Wednesday: 4:00\u202fPM\u2009–\u20092:00\u202fAM', 'Thursday: 4:00\u202fPM\u2009–\u20092:00\u202fAM', 'Friday: 4:00\u202fPM\u2009–\u20092:00\u202fAM', 'Saturday: 4:00\u202fPM\u2009–\u20092:00\u202fAM', 'Sunday: 4:00\u202fPM\u2009–\u20092:00\u202fAM']"
ChIJiw3TIs3bfkcROwaq-zlrLEo,Gino’s Bbq Ristorante,"['restaurant', 'bar', 'food', 'point_of_interest', 'establishment']","Via Sorio, 89, 35141 Padova PD, Italy",4.4,359,,,https://www.ginos.me/,+39 049 871 3722,PRICE_LEVEL_EXPENSIVE,restaurant,,True,True,,True,True,True,True,"['Monday: 12:00\u2009–\u20092:15\u202fPM, 7:30\u2009–\u200910:15\u202fPM', 'Tuesday: 12:00\u2009–\u20092:15\u202fPM, 7:30\u2009–\u200910:15\u202fPM', 'Wednesday: 12:00\u2009–\u20092:15\u202fPM, 7:30\u2009–\u200910:15\u202fPM', 'Thursday: 12:00\u2009–\u20092:30\u202fPM, 7:30\u2009–\u200910:15\u202fPM', 'Friday: 12:00\u2009–\u20092:15\u202fPM, 7:30\u2009–\u200910:15\u202fPM', 'Saturday: 12:00\u2009–\u20092:15\u202fPM, 7:30\u2009–\u200910:15\u202fPM', 'Sunday: Closed']"
ChIJhcQ-1UvafkcREQWtMI2uyIM,St.John'S Pub,"['bar', 'restaurant', 'food', 'point_of_interest', 'establishment']","Via Cristoforo Moro, 2, 35141 Padova PD, Italy",4.1,1121,,,https://m.facebook.com/stjohnspub.ristorante.karaoke.musica.birreria/?locale2=it_IT,+39 049 871 0238,PRICE_LEVEL_MODERATE,bar,False,True,True,,,,True,True,"['Monday: 6:00\u202fPM\u2009–\u20094:00\u202fAM', 'Tuesday: Closed', 'Wednesday: 6:00\u202fPM\u2009–\u20094:00\u202fAM', 'Thursday: 6:00\u202fPM\u2009–\u20094:00\u202fAM', 'Friday: 6:00\u202fPM\u2009–\u20094:00\u202fAM', 'Saturday: 6:00\u202fPM\u2009–\u20094:00\u202fAM', 'Sunday: 6:00\u202fPM\u2009–\u20094:00\u202fAM']"
ChIJH48FyFHafkcRFLa0J4Wgvak,Enotavola Pino,"['seafood_restaurant', 'bar', 'restaurant', 'food', 'point_of_interest', 'establishment']","Via dell'Arco, 37, 35122 Padova PD, Italy",4.6,1023,,,http://www.enotavola.com/contact,+39 049 876 2385,PRICE_LEVEL_MODERATE,seafood_restaurant,False,True,True,True,True,True,True,True,"['Monday: Closed', 'Tuesday: 12:30\u2009–\u20092:30\u202fPM, 7:30\u2009–\u200911:00\u202fPM', 'Wednesday: 12:30\u2009–\u20092:30\u202fPM, 7:30\u2009–\u200911:00\u202fPM', 'Thursday: 12:30\u2009–\u20092:30\u202fPM, 7:30\u2009–\u200911:00\u202fPM', 'Friday: 12:30\u2009–\u20092:30\u202fPM, 7:30\u2009–\u200911:00\u202fPM', 'Saturday: 12:30\u2009–\u20092:30\u202fPM, 7:30\u2009–\u200911:00\u202fPM', 'Sunday: 7:30\u2009–\u200911:00\u202fPM']"
ChIJEdIEfjbbfkcRp1_FCUKsS8Q,ZonaGioco Bingo Padova,"['bar', 'restaurant', 'food', 'point_of_interest', 'establishment']","Via T. Aspetti, 265, 35134 Padova PD, Italy",3.3,156,,,https://www.zonagioco.it/bingolive.html,+39 049 864 7818,,,,,,,,,,,"['Monday: 8:30\u202fAM\u2009–\u20094:00\u202fAM', 'Tuesday: 8:30\u202fAM\u2009–\u20094:00\u202fAM', 'Wednesday: 8:30\u202fAM\u2009–\u20094:00\u202fAM', 'Thursday: 8:30\u202fAM\u2009–\u20094:00\u202fAM', 'Friday: 8:00\u202fAM\u2009–\u20095:30\u202fAM', 'Saturday: 8:30\u202fAM\u2009–\u20096:30\u202fAM', 'Sunday: 8:30\u202fAM\u2009–\u20094:30\u202fAM']"
ChIJOXGASE7afkcR1NgjX22AjP4,Bacaro Padovano,"['italian_restaurant', 'restaurant', 'food', 'point_of_interest', 'establishment']","Via S. Gregorio Barbarigo, 3, 35141 Padova PD, Italy",4.5,1528,,,http://www.bacaropadovano.com/,+39 049 876 2777,PRICE_LEVEL_MODERATE,italian_restaurant,False,True,True,False,True,True,True,True,"['Monday: 7:00\u202fPM\u2009–\u200912:00\u202fAM', 'Tuesday: Closed', 'Wednesday: 7:00\u202fPM\u2009–\u200912:00\u202fAM', 'Thursday: 7:00\u202fPM\u2009–\u200912:00\u202fAM', 'Friday: 12:00\u2009–\u20093:30\u202fPM, 7:00\u202fPM\u2009–\u200912:00\u202fAM', 'Saturday: 12:00\u2009–\u20093:30\u202fPM, 7:00\u202fPM\u2009–\u200912:00\u202fAM', 'Sunday: 12:00\u2009–\u20093:30\u202fPM']"
ChIJzbP8mFHafkcR3JGI5fkxShg,Fly Bar Pizzeria,"['meal_delivery', 'meal_takeaway', 'bar', 'restaurant', 'food', 'point_of_interest', 'establishment']","Galleria Tito Livio, 4, 35123 Padova PD, Italy",4,1319,,,,+39 049 877 4860,PRICE_LEVEL_INEXPENSIVE,restaurant,True,True,True,True,True,True,True,True,"['Monday: 8:30\u202fAM\u2009–\u200912:00\u202fAM', 'Tuesday: 8:30\u202fAM\u2009–\u200912:00\u202fAM', 'Wednesday: 8:30\u202fAM\u2009–\u200912:00\u202fAM', 'Thursday: 8:30\u202fAM\u2009–\u200912:00\u202fAM', 'Friday: 8:30\u202fAM\u2009–\u200912:00\u202fAM', 'Saturday: 8:30\u202fAM\u2009–\u200912:00\u202fAM', 'Sunday: 8:30\u202fAM\u2009–\u200912:00\u202fAM']"
ChIJB345B3_bfkcRjJY8wh_HvpQ,Uscita 10,"['restaurant', 'bar', 'food', 'point_of_interest', 'establishment']","Via Guizza Conselvana, 375, 35125 Padova PD, Italy",4.2,946,,,https://social.quandoo.com/it/groups/uscita-10-osteria-di-strada-bar-99474,+39 379 105 6632,PRICE_LEVEL_MODERATE,restaurant,,True,True,True,True,True,True,True,"['Monday: Closed', 'Tuesday: 12:00\u2009–\u20093:30\u202fPM, 6:00\u2009–\u200911:30\u202fPM', 'Wednesday: 12:00\u2009–\u20093:30\u202fPM, 6:00\u2009–\u200911:30\u202fPM', 'Thursday: 12:00\u2009–\u20093:30\u202fPM, 6:00\u2009–\u200911:30\u202fPM', 'Friday: 12:00\u2009–\u20093:30\u202fPM, 6:00\u2009–\u200911:30\u202fPM', 'Saturday: 6:00\u202fPM\u2009–\u200912:00\u202fAM', 'Sunday: 6:00\u2009–\u200911:30\u202fPM']"
ChIJc34OU1HafkcRNil1puEkTg8,Frascoli Bacaro / Cicchetteria veneziana a Padova,"['italian_restaurant', 'seafood_restaurant', 'bar', 'restaurant', 'food', 'point_of_interest', 'establishment']","Via del Santo, 93, 35123 Padova PD, Italy",4.5,1309,,,https://www.frascoli.it/,+39 049 660505,PRICE_LEVEL_MODERATE,italian_restaurant,True,True,True,False,True,True,True,True,"['Monday: Closed', 'Tuesday: 11:30\u202fAM\u2009–\u20092:30\u202fPM, 6:30\u2009–\u200910:30\u202fPM', 'Wednesday: 11:30\u202fAM\u2009–\u20092:30\u202fPM, 6:30\u2009–\u200910:30\u202fPM', 'Thursday: 11:30\u202fAM\u2009–\u20092:30\u202fPM, 6:30\u2009–\u200910:30\u202fPM', 'Friday: 11:30\u202fAM\u2009–\u20092:30\u202fPM, 6:30\u2009–\u200910:30\u202fPM', 'Saturday: 11:30\u202fAM\u2009–\u20092:30\u202fPM, 6:30\u2009–\u200910:30\u202fPM', 'Sunday: Closed']"
ChIJzR55PvjPfkcRJ7lxtptJGLM,Pedrocchi Café,"['cafe', 'coffee_shop', 'bar', 'food', 'point_of_interest', 'store', 'establishment']","Via VIII Febbraio, 15, 35122 Padova PD, Italy",4.4,10255,,,http://www.caffepedrocchi.it/?utm_source=gmb&utm_medium=gmb_Pedrocchi_marzo_2022&utm_campaign=gmb_Pedrocchi_marzo_2022,+39 049 878 1231,PRICE_LEVEL_EXPENSIVE,cafe,False,True,True,True,True,True,True,True,"['Monday: 8:00\u202fAM\u2009–\u200912:00\u202fAM', 'Tuesday: 8:00\u202fAM\u2009–\u200912:00\u202fAM', 'Wednesday: 8:00\u202fAM\u2009–\u200912:00\u202fAM', 'Thursday: 8:00\u202fAM\u2009–\u200912:00\u202fAM', 'Friday: 8:00\u202fAM\u2009–\u20091:00\u202fAM', 'Saturday: 8:00\u202fAM\u2009–\u20091:00\u202fAM', 'Sunday: 8:00\u202fAM\u2009–\u200912:00\u202fAM']"
ChIJtaHsbrrafkcRdQQTi3yHS8Q,Villa Italia,"['italian_restaurant', 'pizza_restaurant', 'hotel', 'event_venue', 'lodging', 'restaurant', 'food', 'point_of_interest', 'establishment']","Via S. Marco, 51, 35129 Padova PD, Italy",4.1,3059,,,https://www.villaitaliapadova.it/,+39 049 807 7520,PRICE_LEVEL_MODERATE,italian_restaurant,False,True,True,True,True,True,True,True,"['Monday: Closed', 'Tuesday: 12:15\u2009–\u20092:30\u202fPM, 7:15\u2009–\u200911:30\u202fPM', 'Wednesday: 12:15\u2009–\u20092:30\u202fPM, 7:15\u2009–\u200911:30\u202fPM', 'Thursday: 12:15\u2009–\u20092:30\u202fPM, 7:15\u2009–\u200911:30\u202fPM', 'Friday: 12:15\u2009–\u20092:30\u202fPM, 7:15\u202fPM\u2009–\u20092:00\u202fAM', 'Saturday: 7:15\u2009–\u200911:30\u202fPM', 'Sunday: 12:15\u2009–\u20092:30\u202fPM']"
ChIJtR_1yVHafkcRQmBmlJ0A8ns,Hamerica's ghetto via dell’Arco Padova,"['hamburger_restaurant', 'american_restaurant', 'restaurant', 'food', 'point_of_interest', 'establishment']","Via dell'Arco, 22/26, 35122 Padova PD, Italy",4.2,1710,,,http://www.hamericas.com/,+39 049 875 0051,PRICE_LEVEL_MODERATE,hamburger_restaurant,True,True,True,False,True,True,True,False,"['Monday: 12:00\u2009–\u20093:00\u202fPM, 7:00\u2009–\u200911:00\u202fPM', 'Tuesday: 12:00\u2009–\u20093:00\u202fPM, 7:00\u2009–\u200911:00\u202fPM', 'Wednesday: 12:00\u2009–\u20093:00\u202fPM, 7:00\u2009–\u200911:00\u202fPM', 'Thursday: 12:00\u2009–\u20093:00\u202fPM, 7:00\u2009–\u200911:00\u202fPM', 'Friday: 12:00\u2009–\u20093:00\u202fPM, 7:00\u2009–\u200911:30\u202fPM', 'Saturday: 12:00\u2009–\u20093:00\u202fPM, 7:00\u2009–\u200911:30\u202fPM', 'Sunday: 12:00\u2009–\u20093:00\u202fPM, 7:00\u2009–\u200911:00\u202fPM']"
ChIJ_aCgVVbafkcR41roqUQj1BM,Osteria Ai Scarponi,"['restaurant', 'italian_restaurant', 'food', 'point_of_interest', 'establishment']","Via Cesare Battisti, 138, 35121 Padova PD, Italy",4.5,1057,,,http://www.aiscarponi.it/,+39 049 817 1285,PRICE_LEVEL_MODERATE,restaurant,,True,True,False,True,True,True,True,"['Monday: 7:30\u2009–\u200910:30\u202fPM', 'Tuesday: Closed', 'Wednesday: 7:30\u2009–\u200910:30\u202fPM', 'Thursday: 7:30\u2009–\u200910:30\u202fPM', 'Friday: 7:30\u2009–\u200910:30\u202fPM', 'Saturday: 12:30\u2009–\u20092:30\u202fPM, 7:30\u2009–\u200910:30\u202fPM', 'Sunday: 12:30\u2009–\u20092:30\u202fPM, 7:30\u2009–\u200910:30\u202fPM']"
ChIJEZqaCS3afkcRgQCDseKHnBM,Centro Sportivo 2000,"['sports_complex', 'swimming_pool', 'gym', 'sports_club', 'bar', 'health', 'point_of_interest', 'establishment']","Via Pioveghetto, 9, 35136 Padova PD, Italy",3.9,461,,,https://www.impiantisportivi2000.it/,+39 049 871 2600,,sports_complex,,,,,,,,,"['Monday: 9:00\u202fAM\u2009–\u20099:00\u202fPM', 'Tuesday: 9:00\u202fAM\u2009–\u20099:00\u202fPM', 'Wednesday: 9:00\u202fAM\u2009–\u20099:00\u202fPM', 'Thursday: 9:00\u202fAM\u2009–\u20099:00\u202fPM', 'Friday: 9:00\u202fAM\u2009–\u20099:00\u202fPM', 'Saturday: 9:00\u202fAM\u2009–\u20097:30\u202fPM', 'Sunday: 9:00\u202fAM\u2009–\u20097:30\u202fPM']"
ChIJvzoPzurbfkcRI3HZ3TwunzM,Ca' Pelletti Inn of Romagna,"['italian_restaurant', 'bar', 'restaurant', 'food', 'point_of_interest', 'establishment']","Via Andrea Mantegna, 2, 35121 Padova PD, Italy",4.1,1921,,,https://www.capellettilocandadiromagna.it/,+39 049 830 2615,PRICE_LEVEL_MODERATE,italian_restaurant,True,True,True,True,True,True,True,True,"['Monday: 9:00\u202fAM\u2009–\u200911:00\u202fPM', 'Tuesday: 9:00\u202fAM\u2009–\u200911:00\u202fPM', 'Wednesday: 9:00\u202fAM\u2009–\u200911:00\u202fPM', 'Thursday: 9:00\u202fAM\u2009–\u200911:00\u202fPM', 'Friday: 9:00\u202fAM\u2009–\u200911:00\u202fPM', 'Saturday: 9:00\u202fAM\u2009–\u200911:00\u202fPM', 'Sunday: 9:00\u202fAM\u2009–\u200911:00\u202fPM']"
ChIJ19TvX_DafkcRv-isSDYNT3Y,Berlino Beer Food & Music,"['bar', 'night_club', 'restaurant', 'food', 'point_of_interest', 'establishment']","Via Ognissanti, 83, 35131 Padova PD, Italy",4.4,231,,,https://berlinopadova.it/,+39 049 733 5367,PRICE_LEVEL_MODERATE,bar,,True,True,,,,True,True,"['Monday: 6:00\u202fPM\u2009–\u20092:00\u202fAM', 'Tuesday: 6:00\u202fPM\u2009–\u20092:00\u202fAM', 'Wednesday: 6:00\u202fPM\u2009–\u20092:00\u202fAM', 'Thursday: 6:00\u202fPM\u2009–\u20092:00\u202fAM', 'Friday: 6:00\u202fPM\u2009–\u20092:00\u202fAM', 'Saturday: 6:00\u202fPM\u2009–\u20092:00\u202fAM', 'Sunday: Closed']"
ChIJ-yQnyhPbfkcRAHXgsEK60pc,Brunch Republic Padova,"['brunch_restaurant', 'restaurant', 'food', 'point_of_interest', 'establishment']","P.za della Garzeria, 6, 35135 Padova PD, Italy",4.2,556,,,https://brunchrepublic.com/,+39 049 501 5689,PRICE_LEVEL_MODERATE,brunch_restaurant,True,True,True,True,True,True,True,True,"['Monday: 8:00\u202fAM\u2009–\u200912:00\u202fAM', 'Tuesday: 8:00\u202fAM\u2009–\u200912:00\u202fAM', 'Wednesday: 8:00\u202fAM\u2009–\u200912:00\u202fAM', 'Thursday: 8:00\u202fAM\u2009–\u200912:00\u202fAM', 'Friday: 8:00\u202fAM\u2009–\u200912:00\u202fAM', 'Saturday: 8:00\u202fAM\u2009–\u200912:00\u202fAM', 'Sunday: 8:00\u202fAM\u2009–\u200912:00\u202fAM']"
ChIJH3nJp1HafkcRB4qO92Hc4Xw,Sushi House,"['sushi_restaurant', 'chinese_restaurant', 'seafood_restaurant', 'japanese_restaurant', 'restaurant', 'food', 'point_of_interest', 'establishment']","Riviera Tito Livio, 24, 35123 Padova PD, Italy",4.4,2973,,,https://www.facebook.com/sushihousepadova/,+39 049 501 2623,PRICE_LEVEL_MODERATE,sushi_restaurant,True,True,True,False,True,True,True,True,"['Monday: 12:00\u2009–\u20093:30\u202fPM, 7:00\u202fPM\u2009–\u200912:00\u202fAM', 'Tuesday: 12:00\u2009–\u20093:30\u202fPM, 7:00\u202fPM\u2009–\u200912:00\u202fAM', 'Wednesday: 12:00\u2009–\u20093:30\u202fPM, 7:00\u202fPM\u2009–\u200912:00\u202fAM', 'Thursday: 12:00\u2009–\u20093:30\u202fPM, 7:00\u202fPM\u2009–\u200912:00\u202fAM', 'Friday: 12:00\u2009–\u20093:30\u202fPM, 7:00\u202fPM\u2009–\u200912:00\u202fAM', 'Saturday: 12:00\u2009–\u20093:30\u202fPM, 7:00\u202fPM\u2009–\u200912:00\u202fAM', 'Sunday: 12:00\u2009–\u20093:30\u202fPM, 7:00\u202fPM\u2009–\u200912:00\u202fAM']"
ChIJbRsCFkXafkcRFV0UzbORs2A,Q Bar,"['night_club', 'bar', 'restaurant', 'food', 'point_of_interest', 'establishment']","Vicolo dei Dotto, 3, 35139 Padova PD, Italy",3,689,,,http://www.q-bar.it/,+39 049 875 1680,PRICE_LEVEL_MODERATE,night_club,False,True,True,,,,True,True,"['Monday: Closed', 'Tuesday: Closed', 'Wednesday: Closed', 'Thursday: Closed', 'Friday: 8:00\u202fPM\u2009–\u20094:00\u202fAM', 'Saturday: 8:00\u202fPM\u2009–\u20094:00\u202fAM', 'Sunday: Closed']"
ChIJlQtACUjbfkcRD-MqjOnYYwA,Gelateria Gianni,"['ice_cream_shop', 'bar', 'store', 'food', 'point_of_interest', 'establishment']","Via G. Marconi, 204, 35020 Ponte San Nicolò PD, Italy",4.3,1364,,,https://gelateriagiannipadova.com/promozioni-novita.html,+39 049 547 2301,PRICE_LEVEL_MODERATE,ice_cream_shop,True,True,,,,,,,"['Monday: 6:30\u202fAM\u2009–\u200912:00\u202fAM', 'Tuesday: 6:30\u202fAM\u2009–\u200912:00\u202fAM', 'Wednesday: 6:30\u202fAM\u2009–\u200912:00\u202fAM', 'Thursday: 6:30\u202fAM\u2009–\u200912:00\u202fAM', 'Friday: 6:30\u202fAM\u2009–\u200912:00\u202fAM', 'Saturday: 6:30\u202fAM\u2009–\u200912:00\u202fAM', 'Sunday: 6:30\u202fAM\u2009–\u200912:00\u202fAM']"
ChIJHdFDoLfbfkcRGKgaOJMqa1E,Campo dei Girasoli,"['park', 'bar', 'point_of_interest', 'establishment']","Via Bainsizza, 31, 35143 Padova PD, Italy",4.4,436,,,https://www.campodeigirasoli.com/,,,park,,,,,,,,,"['Monday: Closed', 'Tuesday: Closed', 'Wednesday: Closed', 'Thursday: Closed', 'Friday: 5:00\u2009–\u200910:00\u202fPM', 'Saturday: 10:00\u202fAM\u2009–\u200910:00\u202fPM', 'Sunday: 10:00\u202fAM\u2009–\u200910:00\u202fPM']"
ChIJ70wXNFLafkcR7nRuzPxnpas,Ristorante Vecchio Falconiere,"['restaurant', 'food', 'point_of_interest', 'establishment']","Via Umberto I, 31, 35122 Padova PD, Italy",4.3,1482,,,http://vecchiofalconiere.it/,+39 049 656544,PRICE_LEVEL_MODERATE,restaurant,,True,True,,True,True,True,True,"['Monday: Closed', 'Tuesday: 7:00\u202fPM\u2009–\u20091:00\u202fAM', 'Wednesday: 12:00\u2009–\u20092:30\u202fPM, 7:00\u202fPM\u2009–\u20091:00\u202fAM', 'Thursday: 12:00\u2009–\u20092:30\u202fPM, 7:00\u202fPM\u2009–\u20091:00\u202fAM', 'Friday: 12:00\u2009–\u20092:30\u202fPM, 7:00\u202fPM\u2009–\u20091:00\u202fAM', 'Saturday: 12:00\u2009–\u20092:30\u202fPM, 7:00\u202fPM\u2009–\u20091:00\u202fAM', 'Sunday: 12:00\u2009–\u20093:00\u202fPM']"
ChIJp8zvPnvZfkcRYWQP0I4OlaU,La Mulata | Padova,"['brazilian_restaurant', 'restaurant', 'food', 'point_of_interest', 'establishment']","Via Antonio Rossi, 5, 35030 Rubano PD, Italy",4.1,3760,,,https://www.lamulata.it/home-padova,+39 339 604 3535,PRICE_LEVEL_MODERATE,brazilian_restaurant,False,True,True,False,True,True,True,True,"['Monday: Closed', 'Tuesday: Closed', 'Wednesday: 7:30\u202fPM\u2009–\u20091:30\u202fAM', 'Thursday: Closed', 'Friday: 7:30\u202fPM\u2009–\u20092:30\u202fAM', 'Saturday: 7:30\u202fPM\u2009–\u20093:00\u202fAM', 'Sunday: 8:00\u202fPM\u2009–\u20091:00\u202fAM']"
ChIJk6LMdwjbfkcRqTV3lF8bJ2c,Pizzeria Al Vecio Cason,"['pizza_restaurant', 'italian_restaurant', 'restaurant', 'food', 'point_of_interest', 'establishment']","Via Giuseppe Comino, 4, 35100 Padova PD, Italy",4.4,1293,,,,+39 049 880 0215,PRICE_LEVEL_MODERATE,pizza_restaurant,False,True,True,False,,True,True,True,"['Monday: Closed', 'Tuesday: 7:10\u202fPM\u2009–\u200912:00\u202fAM', 'Wednesday: 7:10\u202fPM\u2009–\u200912:00\u202fAM', 'Thursday: 7:10\u202fPM\u2009–\u200912:00\u202fAM', 'Friday: 7:10\u202fPM\u2009–\u200912:00\u202fAM', 'Saturday: 7:10\u202fPM\u2009–\u200912:00\u202fAM', 'Sunday: 7:10\u2009–\u200911:00\u202fPM']"
ChIJgahnhkTafkcRjOS0yqc05k0,Ristorante Pizzeria Al Carmine,"['pizza_restaurant', 'meal_takeaway', 'meal_delivery', 'restaurant', 'food', 'point_of_interest', 'establishment']","Piazza Petrarca, 8, 35137 Padova PD, Italy",4.3,1479,,,https://www.alcarminepizzeria.it/,+39 049 876 4952,PRICE_LEVEL_MODERATE,restaurant,True,True,True,False,True,True,True,True,"['Monday: Closed', 'Tuesday: 12:00\u2009–\u20092:30\u202fPM, 7:00\u202fPM\u2009–\u200912:00\u202fAM', 'Wednesday: 12:00\u2009–\u20092:30\u202fPM, 7:00\u202fPM\u2009–\u200912:00\u202fAM', 'Thursday: 12:00\u2009–\u20092:30\u202fPM, 7:00\u202fPM\u2009–\u200912:00\u202fAM', 'Friday: 12:00\u2009–\u20092:30\u202fPM, 7:00\u202fPM\u2009–\u200912:00\u202fAM', 'Saturday: 7:00\u202fPM\u2009–\u200912:00\u202fAM', 'Sunday: 7:00\u202fPM\u2009–\u200912:00\u202fAM']"
ChIJ08t8WjjafkcRIaydrYfr9Yc,Busa dei Briganti Pub Padova,"['hamburger_restaurant', 'american_restaurant', 'bar', 'restaurant', 'food', 'point_of_interest', 'establishment']","Via Vicenza, 15B, 35138 Padova PD, Italy",4.4,1804,,,http://www.busadeibriganti.com/,+39 049 871 3781,PRICE_LEVEL_MODERATE,bar,True,True,True,False,True,True,True,True,"['Monday: 5:30\u202fPM\u2009–\u200912:00\u202fAM', 'Tuesday: 5:30\u202fPM\u2009–\u200912:00\u202fAM', 'Wednesday: 5:30\u202fPM\u2009–\u200912:00\u202fAM', 'Thursday: 5:30\u202fPM\u2009–\u200912:00\u202fAM', 'Friday: 5:30\u202fPM\u2009–\u20091:00\u202fAM', 'Saturday: 5:30\u202fPM\u2009–\u20091:00\u202fAM', 'Sunday: 5:30\u202fPM\u2009–\u200912:00\u202fAM']"
ChIJ81IpJZTZfkcR-hM8h-BN7aw,Spiller | Padova,"['pizza_restaurant', 'bar', 'restaurant', 'food', 'point_of_interest', 'establishment']","Via Fornace Morandi, 24/B, 35133 Padova PD, Italy",4,6175,,,https://www.spillerbirrerie.it/it/,+39 049 864 4822,PRICE_LEVEL_MODERATE,bar,True,True,True,False,True,True,True,True,"['Monday: 12:00\u2009–\u20093:00\u202fPM, 7:00\u202fPM\u2009–\u20091:00\u202fAM', 'Tuesday: 12:00\u2009–\u20093:00\u202fPM, 7:00\u202fPM\u2009–\u20091:00\u202fAM', 'Wednesday: 12:00\u2009–\u20093:00\u202fPM, 7:00\u202fPM\u2009–\u20091:00\u202fAM', 'Thursday: 12:00\u2009–\u20093:00\u202fPM, 7:00\u202fPM\u2009–\u20091:00\u202fAM', 'Friday: 12:00\u2009–\u20093:00\u202fPM, 7:00\u202fPM\u2009–\u20092:00\u202fAM', 'Saturday: 12:00\u2009–\u20093:00\u202fPM, 7:00\u202fPM\u2009–\u20092:00\u202fAM', 'Sunday: 12:00\u2009–\u20093:00\u202fPM, 7:00\u202fPM\u2009–\u200912:00\u202fAM']"
ChIJVckvy1HafkcR456aWJcAvlI,Corte Sconta,"['liquor_store', 'bar', 'restaurant', 'food', 'point_of_interest', 'store', 'establishment']","Via dell'Arco, 9, 35122 Padova PD, Italy",4.5,618,,,https://www.cortescontaenoteca.it/,+39 348 777 7815,PRICE_LEVEL_INEXPENSIVE,bar,True,True,False,,,,True,True,"['Monday: 6:00\u202fPM\u2009–\u20091:00\u202fAM', 'Tuesday: 5:30\u202fPM\u2009–\u20091:00\u202fAM', 'Wednesday: 6:00\u202fPM\u2009–\u20091:00\u202fAM', 'Thursday: 6:00\u202fPM\u2009–\u20091:00\u202fAM', 'Friday: 5:00\u202fPM\u2009–\u20091:30\u202fAM', 'Saturday: 5:00\u202fPM\u2009–\u20091:30\u202fAM', 'Sunday: 5:00\u202fPM\u2009–\u200912:00\u202fAM']"
ChIJfz6I4gDbfkcR41z6I9kFOW8,Birrificio CRAK | Casana | Birra Artigianale,"['bar', 'restaurant', 'food', 'point_of_interest', 'establishment']","Via Santi Fabiano e Sebastiano, 13, 35143 Padova PD, Italy",4.5,1183,,,https://www.crakbrewery.com/casana/,+39 049 742 3095,PRICE_LEVEL_MODERATE,bar,False,True,,,,,True,True,"['Monday: 5:00\u202fPM\u2009–\u20091:00\u202fAM', 'Tuesday: 5:00\u202fPM\u2009–\u20091:00\u202fAM', 'Wednesday: 5:00\u202fPM\u2009–\u20091:00\u202fAM', 'Thursday: 5:00\u202fPM\u2009–\u20091:00\u202fAM', 'Friday: 5:00\u202fPM\u2009–\u20092:00\u202fAM', 'Saturday: 5:00\u202fPM\u2009–\u20092:00\u202fAM', 'Sunday: 12:00\u202fPM\u2009–\u200912:00\u202fAM']"
ChIJyeqWM0TafkcR86G_L77oiAI,Trattoria Isoletta,"['italian_restaurant', 'bar', 'restaurant', 'food', 'point_of_interest', 'establishment']","Via S. Pietro, 46, 35139 Padova PD, Italy",3.9,749,,,http://www.trattoriaisoletta.it/,+39 340 279 7069,PRICE_LEVEL_INEXPENSIVE,italian_restaurant,False,True,True,False,True,True,True,True,"['Monday: 12:00\u2009–\u20092:00\u202fPM, 7:30\u2009–\u200910:30\u202fPM', 'Tuesday: 12:00\u2009–\u20092:00\u202fPM, 7:30\u2009–\u200910:30\u202fPM', 'Wednesday: 12:00\u2009–\u20092:00\u202fPM, 7:30\u2009–\u200910:30\u202fPM', 'Thursday: 12:00\u2009–\u20092:00\u202fPM, 7:30\u2009–\u200910:30\u202fPM', 'Friday: 12:00\u2009–\u20092:00\u202fPM, 7:30\u2009–\u200910:30\u202fPM', 'Saturday: 12:00\u2009–\u20092:00\u202fPM, 7:30\u2009–\u200910:30\u202fPM', 'Sunday: 12:00\u2009–\u20092:00\u202fPM, 7:30\u2009–\u200910:30\u202fPM']"
ChIJX1F9NETafkcRak9FtEBDeG8,Osteria San Leonardo,"['italian_restaurant', 'restaurant', 'food', 'point_of_interest', 'establishment']","Via S. Pietro, 47, 35139 Padova PD, Italy",4.3,565,,,,+39 388 324 2770,PRICE_LEVEL_MODERATE,italian_restaurant,True,True,True,False,True,True,True,True,"['Monday: 12:00\u2009–\u20093:00\u202fPM, 7:00\u202fPM\u2009–\u200912:00\u202fAM', 'Tuesday: Closed', 'Wednesday: 12:00\u2009–\u20093:00\u202fPM, 7:00\u202fPM\u2009–\u200912:00\u202fAM', 'Thursday: 12:00\u2009–\u20093:00\u202fPM, 7:00\u202fPM\u2009–\u200912:00\u202fAM', 'Friday: 12:00\u2009–\u20093:00\u202fPM, 7:00\u202fPM\u2009–\u200912:00\u202fAM', 'Saturday: 12:00\u2009–\u20093:00\u202fPM, 7:00\u202fPM\u2009–\u200912:00\u202fAM', 'Sunday: 12:00\u2009–\u20093:00\u202fPM, 7:00\u202fPM\u2009–\u200912:00\u202fAM']"
ChIJ9-ODzDjbfkcRxzIVcHHfFF4,Osteria la Ruta,"['restaurant', 'italian_restaurant', 'food', 'point_of_interest', 'establishment']","Via Savonarola, 122, 35137 Padova PD, Italy",4.4,569,,,http://www.osterialaruta.it/,+39 375 546 0020,PRICE_LEVEL_MODERATE,restaurant,False,True,True,,True,True,True,True,"['Monday: 10:00\u202fAM\u2009–\u20093:00\u202fPM, 6:00\u202fPM\u2009–\u200912:00\u202fAM', 'Tuesday: 10:00\u202fAM\u2009–\u20093:00\u202fPM, 6:00\u202fPM\u2009–\u200912:00\u202fAM', 'Wednesday: 10:00\u202fAM\u2009–\u20093:00\u202fPM, 6:00\u202fPM\u2009–\u200912:00\u202fAM', 'Thursday: 10:00\u202fAM\u2009–\u20093:00\u202fPM, 6:00\u202fPM\u2009–\u200912:00\u202fAM', 'Friday: 10:00\u202fAM\u2009–\u20093:00\u202fPM, 6:00\u202fPM\u2009–\u200912:00\u202fAM', 'Saturday: 12:00\u202fPM\u2009–\u200912:00\u202fAM', 'Sunday: 12:00\u2009–\u20093:00\u202fPM, 6:00\u202fPM\u2009–\u200912:00\u202fAM']"
ChIJu1hZhe_afkcRP9DllyZrTwM,Il Chiosco,"['restaurant', 'cultural_center', 'pizza_restaurant', 'event_venue', 'bar', 'food', 'point_of_interest', 'establishment']","Via Ludovico Ariosto, 10, 35128 Padova PD, Italy",4.2,1320,,,http://ilchiosco.pd.it/,+39 334 200 4006,PRICE_LEVEL_MODERATE,restaurant,False,True,True,,True,True,True,True,
ChIJbUhzlcPefkcR-h6NKt8-IlE,Hotel Plaza,"['hotel', 'sushi_restaurant', 'japanese_restaurant', 'spa', 'lodging', 'restaurant', 'food', 'point_of_interest', 'establishment']","Piazza Repubblica, 23, 35031 Abano Terme PD, Italy",4.4,3825,,,http://www.plaza.it/,+39 049 866 9333,,hotel,,,,,,,,,"['Monday: Open 24 hours', 'Tuesday: Open 24 hours', 'Wednesday: Open 24 hours', 'Thursday: Open 24 hours', 'Friday: Open 24 hours', 'Saturday: Open 24 hours', 'Sunday: Open 24 hours']"
ChIJkUI1If7afkcR0E2W3YadCTU,Pasticceria e Bistrò Biasetto Padova PD,"['bakery', 'wholesaler', 'store', 'restaurant', 'food', 'point_of_interest', 'establishment']","Via Jacopo Facciolati, 12, 35126 Padova PD, Italy",4.2,1775,,,https://www.pasticceriabiasetto.it/,+39 049 802 4428,PRICE_LEVEL_EXPENSIVE,bakery,True,True,True,True,True,True,,,"['Monday: 7:00\u202fAM\u2009–\u20093:00\u202fPM', 'Tuesday: 7:00\u202fAM\u2009–\u20097:30\u202fPM', 'Wednesday: 7:00\u202fAM\u2009–\u20097:30\u202fPM', 'Thursday: 7:00\u202fAM\u2009–\u20097:30\u202fPM', 'Friday: 7:00\u202fAM\u2009–\u20097:30\u202fPM', 'Saturday: 7:00\u202fAM\u2009–\u20097:30\u202fPM', 'Sunday: 7:00\u202fAM\u2009–\u20091:00\u202fPM']"
ChIJ3UsowFDafkcR9WHsVtRoxeY,Gourmetteria,"['restaurant', 'grocery_store', 'bar', 'store', 'food', 'point_of_interest', 'establishment']","Via Zabarella, 23, 35121 Padova PD, Italy",4.1,1846,,,http://gourmetteria.com/,+39 049 659830,PRICE_LEVEL_MODERATE,restaurant,,True,True,,True,True,True,True,"['Monday: 10:00\u202fAM\u2009–\u200912:00\u202fAM', 'Tuesday: 10:00\u202fAM\u2009–\u200912:00\u202fAM', 'Wednesday: 10:00\u202fAM\u2009–\u200912:00\u202fAM', 'Thursday: 10:00\u202fAM\u2009–\u200912:00\u202fAM', 'Friday: 10:00\u202fAM\u2009–\u200912:00\u202fAM', 'Saturday: 10:00\u202fAM\u2009–\u200912:00\u202fAM', 'Sunday: 10:00\u202fAM\u2009–\u200912:00\u202fAM']"
ChIJKRGMOE7afkcRNHXyyMgFzrU,Al Buscaglione,"['bar', 'point_of_interest', 'establishment']","Via Marsala, 50, 35122 Padova PD, Italy",4.6,249,,,https://www.facebook.com/AlBuscaglione/,+39 347 489 0951,PRICE_LEVEL_INEXPENSIVE,bar,False,True,,,,,True,True,"['Monday: Closed', 'Tuesday: 6:00\u202fPM\u2009–\u200912:00\u202fAM', 'Wednesday: 6:00\u202fPM\u2009–\u200912:00\u202fAM', 'Thursday: 6:00\u202fPM\u2009–\u200912:00\u202fAM', 'Friday: 6:00\u202fPM\u2009–\u20091:00\u202fAM', 'Saturday: 6:00\u202fPM\u2009–\u20091:00\u202fAM', 'Sunday: 6:00\u202fPM\u2009–\u200912:00\u202fAM']"
ChIJbQSr-ILQfkcRF9R5kRY6MtU,Gasoline Padova,"['pizza_restaurant', 'bar', 'restaurant', 'food', 'point_of_interest', 'establishment']","Via Fornace Morandi, 25, 35134 Padova PD, Italy",4.3,1868,,,https://www.facebook.com/gasoline.padova/,+39 049 864 8184,PRICE_LEVEL_INEXPENSIVE,bar,False,True,True,,,,True,True,"['Monday: Closed', 'Tuesday: 6:00\u202fPM\u2009–\u20092:00\u202fAM', 'Wednesday: 6:00\u202fPM\u2009–\u20092:00\u202fAM', 'Thursday: 6:00\u202fPM\u2009–\u20092:00\u202fAM', 'Friday: 6:00\u202fPM\u2009–\u20092:00\u202fAM', 'Saturday: 6:00\u202fPM\u2009–\u20092:00\u202fAM', 'Sunday: 6:00\u202fPM\u2009–\u20092:00\u202fAM']"
ChIJ-7hJkUrYfkcRNckmhLp6J4w,Fun City Family | Big Bowling Rubano,"['bowling_alley', 'amusement_center', 'sports_complex', 'event_venue', 'bar', 'restaurant', 'food', 'point_of_interest', 'establishment']","Via Antonio Rossi, 2/5/BIS, 35030 Rubano PD, Italy",4,1717,,,https://funcityfamily.it/rubano/,+39 049 633492,,bowling_alley,,,,,,,,,"['Monday: 7:00\u202fPM\u2009–\u20091:00\u202fAM', 'Tuesday: 7:00\u202fPM\u2009–\u20091:00\u202fAM', 'Wednesday: 7:00\u202fPM\u2009–\u20091:00\u202fAM', 'Thursday: 7:00\u202fPM\u2009–\u20091:00\u202fAM', 'Friday: 7:00\u202fPM\u2009–\u20092:00\u202fAM', 'Saturday: 4:00\u202fPM\u2009–\u20092:00\u202fAM', 'Sunday: 3:30\u202fPM\u2009–\u200912:00\u202fAM']"
ChIJX1jA6FvbfkcRk6FcFeIO7ZI,Ristorante Napoli Centrale,"['pizza_restaurant', 'italian_restaurant', 'restaurant', 'food', 'point_of_interest', 'establishment']","Via S. Fermo, 59, 35137 Padova PD, Italy",4.1,1025,,,http://ristorantenapolicentrale.it/,+39 049 830 6113,PRICE_LEVEL_MODERATE,pizza_restaurant,False,True,True,False,True,True,True,True,"['Monday: 12:00\u2009–\u20093:00\u202fPM, 7:00\u2009–\u200911:00\u202fPM', 'Tuesday: 12:00\u2009–\u20093:00\u202fPM, 7:00\u2009–\u200911:00\u202fPM', 'Wednesday: 12:00\u2009–\u20093:00\u202fPM, 7:00\u2009–\u200911:00\u202fPM', 'Thursday: 12:00\u2009–\u20093:00\u202fPM, 7:00\u2009–\u200911:00\u202fPM', 'Friday: 12:00\u2009–\u20093:00\u202fPM, 7:00\u2009–\u200911:00\u202fPM', 'Saturday: 12:00\u2009–\u20093:00\u202fPM, 7:00\u2009–\u200911:00\u202fPM', 'Sunday: 12:00\u2009–\u20093:00\u202fPM, 7:00\u2009–\u200911:00\u202fPM']"
ChIJn0ipN6fbfkcRANpZ-fvlgl0,A Banda Del Buso,"['restaurant', 'italian_restaurant', 'food', 'point_of_interest', 'establishment']","Via Bartolomeo Cristofori, 12a, 35137 Padova PD, Italy",4.5,1561,,,http://www.abandadelbuso.it/,+39 049 202 3453,PRICE_LEVEL_MODERATE,restaurant,False,True,True,False,True,True,True,True,"['Monday: 12:00\u2009–\u20093:30\u202fPM, 6:30\u202fPM\u2009–\u20091:00\u202fAM', 'Tuesday: Closed', 'Wednesday: 12:00\u2009–\u20093:30\u202fPM, 6:30\u202fPM\u2009–\u20091:00\u202fAM', 'Thursday: 12:00\u2009–\u20093:30\u202fPM, 6:30\u202fPM\u2009–\u20091:00\u202fAM', 'Friday: 12:00\u2009–\u20093:30\u202fPM, 6:30\u202fPM\u2009–\u20091:00\u202fAM', 'Saturday: 12:30\u2009–\u20093:30\u202fPM, 6:30\u202fPM\u2009–\u20091:00\u202fAM', 'Sunday: 12:30\u2009–\u20093:30\u202fPM, 6:30\u202fPM\u2009–\u200912:00\u202fAM']"
ChIJBVlgsTnafkcRJeoTzoYd0XE,Amsterdam - Eat Drink & Show,"['bar', 'restaurant', 'food', 'point_of_interest', 'establishment']","Via Vicenza, 23, 35138 Padova PD, Italy",4,618,,,https://amsterdampadova.it/,+39 049 547 8217,PRICE_LEVEL_MODERATE,bar,False,True,True,,False,True,True,True,"['Monday: Closed', 'Tuesday: 6:00\u202fPM\u2009–\u20092:00\u202fAM', 'Wednesday: 6:00\u202fPM\u2009–\u20092:00\u202fAM', 'Thursday: 6:00\u202fPM\u2009–\u20092:00\u202fAM', 'Friday: 6:00\u202fPM\u2009–\u20092:00\u202fAM', 'Saturday: 6:00\u202fPM\u2009–\u20092:00\u202fAM', 'Sunday: 6:00\u202fPM\u2009–\u20092:00\u202fAM']"
ChIJlyxYRbDbfkcRORBCU2FGMDo,Birrone Padova - Beer House & Comfort Food,"['coffee_shop', 'cafe', 'bar', 'store', 'restaurant', 'food', 'point_of_interest', 'establishment']","Via Trieste, 5c, 35121 Padova PD, Italy",4.2,436,,,https://birronebar.it/locali-birrone/birrone-padova/,+39 388 938 0507,PRICE_LEVEL_MODERATE,bar,True,True,True,,True,True,True,True,"['Monday: 12:00\u2009–\u20092:30\u202fPM, 5:30\u202fPM\u2009–\u200912:00\u202fAM', 'Tuesday: 12:00\u2009–\u20092:30\u202fPM, 5:30\u202fPM\u2009–\u200912:00\u202fAM', 'Wednesday: 12:00\u2009–\u20092:30\u202fPM, 5:30\u202fPM\u2009–\u200912:00\u202fAM', 'Thursday: 12:00\u2009–\u20092:30\u202fPM, 5:30\u202fPM\u2009–\u200912:00\u202fAM', 'Friday: 12:00\u2009–\u20092:30\u202fPM, 5:30\u202fPM\u2009–\u20092:00\u202fAM', 'Saturday: 12:00\u2009–\u20092:30\u202fPM, 5:30\u202fPM\u2009–\u20092:00\u202fAM', 'Sunday: 12:00\u2009–\u20092:30\u202fPM, 5:30\u202fPM\u2009–\u200912:00\u202fAM']"
ChIJlyxYRbDbfkcRORBCU2FGMDo,Birrone Padova - Beer House & Comfort Food,"['coffee_shop', 'cafe', 'bar', 'store', 'restaurant', 'food', 'point_of_interest', 'establishment']","Via Trieste, 5c, 35121 Padova PD, Italy",4.2,436,,,https://birronebar.it/locali-birrone/birrone-padova/,+39 388 938 0507,PRICE_LEVEL_MODERATE,bar,True,True,True,,True,True,True,True,"['Monday: 12:00\u2009–\u20092:30\u202fPM, 5:30\u202fPM\u2009–\u200912:00\u202fAM', 'Tuesday: 12:00\u2009–\u20092:30\u202fPM, 5:30\u202fPM\u2009–\u200912:00\u202fAM', 'Wednesday: 12:00\u2009–\u20092:30\u202fPM, 5:30\u202fPM\u2009–\u200912:00\u202fAM', 'Thursday: 12:00\u2009–\u20092:30\u202fPM, 5:30\u202fPM\u2009–\u200912:00\u202fAM', 'Friday: 12:00\u2009–\u20092:30\u202fPM, 5:30\u202fPM\u2009–\u20092:00\u202fAM', 'Saturday: 12:00\u2009–\u20092:30\u202fPM, 5:30\u202fPM\u2009–\u20092:00\u202fAM', 'Sunday: 12:00\u2009–\u20092:30\u202fPM, 5:30\u202fPM\u2009–\u200912:00\u202fAM']"
ChIJW80BLlvafkcRI-khj1EQXtY,Baessato Padova,"['restaurant', 'food', 'point_of_interest', 'establishment']","Largo Europa, 14, 35137 Padova PD, Italy",3.9,1488,,,,+39 049 645 1282,PRICE_LEVEL_MODERATE,restaurant,False,True,True,True,True,True,True,True,"['Monday: 7:30\u202fAM\u2009–\u200912:00\u202fAM', 'Tuesday: 7:30\u202fAM\u2009–\u200912:00\u202fAM', 'Wednesday: 7:30\u202fAM\u2009–\u200912:00\u202fAM', 'Thursday: 7:30\u202fAM\u2009–\u200912:00\u202fAM', 'Friday: 7:30\u202fAM\u2009–\u20091:30\u202fAM', 'Saturday: 7:30\u202fAM\u2009–\u20091:30\u202fAM', 'Sunday: 7:30\u202fAM\u2009–\u200910:00\u202fPM']"
ChIJG-8-1K3bfkcRFdVE65y4xEg,White Pony Pub & Shop,"['bar', 'restaurant', 'food', 'point_of_interest', 'establishment']","Corso Vittorio Emanuele II, 185, 35123 Padova PD, Italy",4.6,461,,,https://www.instagram.com/whiteponypub?igsh=NzZ6NnNqdHl0cW9z,+39 347 249 2689,PRICE_LEVEL_MODERATE,bar,True,True,True,,,,True,,"['Monday: Closed', 'Tuesday: 5:30\u202fPM\u2009–\u20091:00\u202fAM', 'Wednesday: 5:30\u202fPM\u2009–\u20091:00\u202fAM', 'Thursday: 5:30\u202fPM\u2009–\u20091:00\u202fAM', 'Friday: 5:30\u202fPM\u2009–\u20092:00\u202fAM', 'Saturday: 5:30\u202fPM\u2009–\u20092:00\u202fAM', 'Sunday: 6:00\u202fPM\u2009–\u200912:00\u202fAM']"
ChIJO-etHEjafkcRli5SAEn_HZ8,Lax Cocktail Club,"['bar', 'restaurant', 'food', 'point_of_interest', 'establishment']","Via Volturno, 30/A, 35138 Padova PD, Italy",4.5,425,,,,+39 366 311 3434,PRICE_LEVEL_MODERATE,bar,False,True,True,,,,True,True,"['Monday: 6:00\u202fPM\u2009–\u20091:00\u202fAM', 'Tuesday: Closed', 'Wednesday: 6:00\u202fPM\u2009–\u20091:00\u202fAM', 'Thursday: 6:00\u202fPM\u2009–\u20091:00\u202fAM', 'Friday: 6:00\u202fPM\u2009–\u20092:00\u202fAM', 'Saturday: 6:00\u202fPM\u2009–\u20092:00\u202fAM', 'Sunday: 6:00\u202fPM\u2009–\u20091:00\u202fAM']"
ChIJbRsCFkXafkcRFV0UzbORs2A,Q Bar,"['night_club', 'bar', 'restaurant', 'food', 'point_of_interest', 'establishment']","Vicolo dei Dotto, 3, 35139 Padova PD, Italy",3,689,,,http://www.q-bar.it/,+39 049 875 1680,PRICE_LEVEL_MODERATE,night_club,False,True,True,,,,True,True,"['Monday: Closed', 'Tuesday: Closed', 'Wednesday: Closed', 'Thursday: Closed', 'Friday: 8:00\u202fPM\u2009–\u20094:00\u202fAM', 'Saturday: 8:00\u202fPM\u2009–\u20094:00\u202fAM', 'Sunday: Closed']"
ChIJ4RPLEiDZfkcRWbts8YQQGjI,Fabbrica in Pedavena Padova,"['restaurant', 'food', 'point_of_interest', 'establishment']","Via dei Colli, 164, 35143 Padova PD, Italy",4.1,334,,,https://www.fabbricainpedavena.it/it/locali/padova-49/,+39 049 573 1752,PRICE_LEVEL_MODERATE,restaurant,False,True,True,,True,True,True,True,"['Monday: Closed', 'Tuesday: 6:00\u202fPM\u2009–\u20092:00\u202fAM', 'Wednesday: 6:00\u202fPM\u2009–\u20092:00\u202fAM', 'Thursday: 6:00\u202fPM\u2009–\u20092:00\u202fAM', 'Friday: 6:00\u202fPM\u2009–\u20092:00\u202fAM', 'Saturday: 12:00\u2009–\u20093:00\u202fPM, 6:00\u202fPM\u2009–\u20092:00\u202fAM', 'Sunday: 12:00\u2009–\u20093:00\u202fPM, 6:00\u202fPM\u2009–\u20092:00\u202fAM']"
ChIJZ-nxhUzafkcRQCa1ANbi3ss,The Observatory Bar,"['coffee_shop', 'cafe', 'bar', 'store', 'food', 'point_of_interest', 'establishment']","Riviera Paleocapa, 66, 35141 Padova PD, Italy",4.2,433,,,,+39 353 406 7240,PRICE_LEVEL_INEXPENSIVE,coffee_shop,False,True,True,True,True,True,True,True,"['Monday: 6:00\u202fAM\u2009–\u200911:00\u202fPM', 'Tuesday: 6:00\u202fAM\u2009–\u200911:00\u202fPM', 'Wednesday: 6:00\u202fAM\u2009–\u200911:00\u202fPM', 'Thursday: 6:00\u202fAM\u2009–\u200911:00\u202fPM', 'Friday: 6:00\u202fAM\u2009–\u200911:00\u202fPM', 'Saturday: 6:00\u202fAM\u2009–\u200911:00\u202fPM', 'Sunday: 6:00\u202fAM\u2009–\u200910:30\u202fPM']"
ChIJq1tkYZPbfkcRMD6SKviCEQk,Diemme Strada Battaglia,"['bar', 'pizza_restaurant', 'restaurant', 'food', 'point_of_interest', 'establishment']","Via Battaglia, 71, 35020 Albignasego PD, Italy",4.2,1764,,,https://www.diemmestradabattaglia.com/,+39 049 213 1821,PRICE_LEVEL_MODERATE,bar,False,True,True,,,,True,True,"['Monday: 7:00\u202fAM\u2009–\u200912:00\u202fAM', 'Tuesday: 7:00\u202fAM\u2009–\u200912:00\u202fAM', 'Wednesday: 7:00\u202fAM\u2009–\u200912:00\u202fAM', 'Thursday: 7:00\u202fAM\u2009–\u200912:00\u202fAM', 'Friday: 7:00\u202fAM\u2009–\u200912:00\u202fAM', 'Saturday: 7:00\u202fAM\u2009–\u200912:00\u202fAM', 'Sunday: 6:00\u202fPM\u2009–\u200912:00\u202fAM']"
ChIJDVFEKlfafkcRAp9y-gI1RgE,Padova Pride Village,"['event_venue', 'bar', 'night_club', 'restaurant', 'food', 'point_of_interest', 'establishment']","c/o Fiera di, Via Francesco Rismondo, 35131 Padova PD, Italy",4.2,1610,,,https://www.pridevillage.it/,,PRICE_LEVEL_MODERATE,night_club,False,True,True,,,,True,True,
ChIJIy2EhvjbfkcRr38UAxMaInU,Il Telaio Bike Café,"['event_venue', 'bar', 'point_of_interest', 'establishment']","lungargine terranegra, 35127 Padova PD, Italy",4.2,690,,,https://m.facebook.com/iltelaiobikecafe/,,,bar,False,True,True,,,,True,True,"['Monday: 8:00\u202fAM\u2009–\u200911:00\u202fPM', 'Tuesday: 8:00\u202fAM\u2009–\u200911:00\u202fPM', 'Wednesday: 8:00\u202fAM\u2009–\u200911:00\u202fPM', 'Thursday: 8:00\u202fAM\u2009–\u200911:00\u202fPM', 'Friday: 8:00\u202fAM\u2009–\u200911:00\u202fPM', 'Saturday: 8:00\u202fAM\u2009–\u200912:00\u202fAM', 'Sunday: 8:00\u202fAM\u2009–\u200912:00\u202fAM']"
ChIJn013XgnFfkcR0AiWAvWcR44,Royal Garden Padova “All u Can Eat” Asian Fusion,"['sushi_restaurant', 'hotel', 'japanese_restaurant', 'lodging', 'restaurant', 'food', 'point_of_interest', 'establishment']","Via dei Ronchi, 18, 35127 Padova PD, Italy",4.5,632,,,https://royal-garden.eatbu.com/,+39 351 993 9666,PRICE_LEVEL_MODERATE,sushi_restaurant,True,True,True,,True,True,True,True,"['Monday: Closed', 'Tuesday: 12:00\u2009–\u20092:30\u202fPM, 7:00\u2009–\u200911:30\u202fPM', 'Wednesday: 12:00\u2009–\u20092:30\u202fPM, 7:00\u2009–\u200911:30\u202fPM', 'Thursday: 12:00\u2009–\u20092:30\u202fPM, 7:00\u2009–\u200911:30\u202fPM', 'Friday: 12:00\u2009–\u20092:30\u202fPM, 7:00\u2009–\u200911:30\u202fPM', 'Saturday: 12:00\u2009–\u20092:30\u202fPM, 7:00\u2009–\u200911:30\u202fPM', 'Sunday: 12:00\u2009–\u20092:30\u202fPM, 7:00\u2009–\u200911:30\u202fPM']"
ChIJ2cAMchzbfkcRQ1IHPKq7ZbQ,McDonald's Padova Sarpi,"['fast_food_restaurant', 'hamburger_restaurant', 'american_restaurant', 'restaurant', 'food', 'point_of_interest', 'establishment']","Via fra' Paolo Sarpi, 78, 35138 Padova PD, Italy",3.8,614,,,https://www.mcdonalds.it/,+39 049 541 5325,PRICE_LEVEL_INEXPENSIVE,fast_food_restaurant,True,True,,True,True,True,,,"['Monday: 8:00\u202fAM\u2009–\u200912:00\u202fAM', 'Tuesday: 8:00\u202fAM\u2009–\u200912:00\u202fAM', 'Wednesday: 8:00\u202fAM\u2009–\u200912:00\u202fAM', 'Thursday: 8:00\u202fAM\u2009–\u200912:00\u202fAM', 'Friday: 8:00\u202fAM\u2009–\u20092:00\u202fAM', 'Saturday: 8:00\u202fAM\u2009–\u20092:00\u202fAM', 'Sunday: 8:00\u202fAM\u2009–\u200912:00\u202fAM']"
ChIJtbw9Ow_afkcRVPmYPV7w85Y,McDonald's Padova Ovest,"['fast_food_restaurant', 'hamburger_restaurant', 'breakfast_restaurant', 'american_restaurant', 'restaurant', 'food', 'point_of_interest', 'establishment']","Corso Australia, 4, 35136 Padova PD, Italy",3.9,2746,,,http://www.mcdonalds.it/,+39 049 604554,PRICE_LEVEL_INEXPENSIVE,fast_food_restaurant,True,True,False,True,True,True,True,False,"['Monday: 8:00\u202fAM\u2009–\u20091:00\u202fAM', 'Tuesday: 8:00\u202fAM\u2009–\u20091:00\u202fAM', 'Wednesday: 8:00\u202fAM\u2009–\u20091:00\u202fAM', 'Thursday: 8:00\u202fAM\u2009–\u20091:00\u202fAM', 'Friday: 8:00\u202fAM\u2009–\u20094:00\u202fAM', 'Saturday: 8:00\u202fAM\u2009–\u20094:00\u202fAM', 'Sunday: 8:00\u202fAM\u2009–\u20091:00\u202fAM']"
ChIJrzxAcjTZfkcR-_oZ1mU6F9I,La Scuderia,"['pizza_restaurant', 'sandwich_shop', 'ice_cream_shop', 'bar', 'store', 'restaurant', 'food', 'point_of_interest', 'establishment']","Via San Lorenzo, 13, 35031 Abano Terme PD, Italy",4,6327,,,http://www.lascuderiahb.it/,+39 393 797 8770,PRICE_LEVEL_MODERATE,pizza_restaurant,True,True,True,False,True,True,True,True,"['Monday: 6:30\u202fPM\u2009–\u20092:00\u202fAM', 'Tuesday: Closed', 'Wednesday: 6:30\u202fPM\u2009–\u200912:00\u202fAM', 'Thursday: 6:30\u202fPM\u2009–\u20092:00\u202fAM', 'Friday: 6:30\u202fPM\u2009–\u20092:00\u202fAM', 'Saturday: 6:30\u202fPM\u2009–\u20092:00\u202fAM', 'Sunday: 12:00\u202fPM\u2009–\u20092:00\u202fAM']"
ChIJ_0KcCADbfkcRZ8PDOxP_nGk,Old England Pub - Pub Birreria Padova,"['hamburger_restaurant', 'bar', 'american_restaurant', 'restaurant', 'food', 'point_of_interest', 'establishment']","Via Alessandro Manzoni, 51, 35126 Padova PD, Italy",4.1,1715,,,,+39 049 689 2516,PRICE_LEVEL_MODERATE,restaurant,False,True,True,False,False,True,True,True,"['Monday: 6:30\u202fPM\u2009–\u20091:00\u202fAM', 'Tuesday: 6:30\u202fPM\u2009–\u20091:00\u202fAM', 'Wednesday: 6:30\u202fPM\u2009–\u20091:00\u202fAM', 'Thursday: 6:30\u202fPM\u2009–\u20091:00\u202fAM', 'Friday: 6:30\u202fPM\u2009–\u20092:00\u202fAM', 'Saturday: 6:30\u202fPM\u2009–\u20092:00\u202fAM', 'Sunday: 6:30\u202fPM\u2009–\u20091:00\u202fAM']"
ChIJxas2v1DafkcRUuZo6b8jQPI,Ma Ramen Padova,"['ramen_restaurant', 'japanese_restaurant', 'restaurant', 'food', 'point_of_interest', 'establishment']","Via Cesare Battisti, 44, 35100 Padova PD, Italy",4.4,1168,,,http://maramen.com/,+39 049 799 2328,PRICE_LEVEL_MODERATE,ramen_restaurant,True,True,True,False,True,True,True,True,"['Monday: 12:00\u2009–\u20093:00\u202fPM, 7:00\u202fPM\u2009–\u200912:00\u202fAM', 'Tuesday: 12:00\u2009–\u20093:00\u202fPM, 7:00\u202fPM\u2009–\u200912:00\u202fAM', 'Wednesday: 12:00\u2009–\u20093:00\u202fPM, 7:00\u202fPM\u2009–\u200912:00\u202fAM', 'Thursday: 12:00\u2009–\u20093:00\u202fPM, 7:00\u202fPM\u2009–\u200912:00\u202fAM', 'Friday: 12:00\u2009–\u20093:00\u202fPM, 7:00\u202fPM\u2009–\u200912:00\u202fAM', 'Saturday: 12:00\u2009–\u20093:00\u202fPM, 7:00\u202fPM\u2009–\u200912:00\u202fAM', 'Sunday: 12:00\u2009–\u20093:00\u202fPM, 7:00\u202fPM\u2009–\u200912:00\u202fAM']"
ChIJh3amc1rbfkcRsUfx3EC_jfE,Fresco Trattoria Pizzeria,"['pizza_restaurant', 'italian_restaurant', 'bar', 'restaurant', 'food', 'point_of_interest', 'establishment']","Via del Santo, 102, 35123 Padova PD, Italy",3.8,788,,,http://frescotrattoria.it/,+39 049 981 4038,PRICE_LEVEL_MODERATE,pizza_restaurant,True,True,True,True,True,True,True,True,"['Monday: 11:30\u202fAM\u2009–\u20094:00\u202fPM, 6:00\u2009–\u200910:30\u202fPM', 'Tuesday: 11:30\u202fAM\u2009–\u20094:00\u202fPM, 6:00\u2009–\u200910:30\u202fPM', 'Wednesday: 11:30\u202fAM\u2009–\u20094:00\u202fPM, 6:00\u2009–\u200910:30\u202fPM', 'Thursday: 11:30\u202fAM\u2009–\u20094:00\u202fPM, 6:00\u2009–\u200910:30\u202fPM', 'Friday: 11:30\u202fAM\u2009–\u20094:00\u202fPM, 6:00\u2009–\u200910:30\u202fPM', 'Saturday: 11:30\u202fAM\u2009–\u20094:00\u202fPM, 6:00\u2009–\u200910:30\u202fPM', 'Sunday: 11:30\u202fAM\u2009–\u20094:00\u202fPM, 6:00\u2009–\u200910:30\u202fPM']"
ChIJuwNm3VDafkcRGc0A31wXl5k,Caffe Carlotta,"['bar', 'sandwich_shop', 'bakery', 'restaurant', 'food', 'point_of_interest', 'store', 'establishment']","Via S. Francesco, 44, 35121 Padova PD, Italy",4.4,452,,,,+39 049 651428,PRICE_LEVEL_INEXPENSIVE,bar,,True,True,,,,True,True,"['Monday: 8:00\u202fAM\u2009–\u200911:00\u202fPM', 'Tuesday: 8:00\u202fAM\u2009–\u200911:00\u202fPM', 'Wednesday: 8:00\u202fAM\u2009–\u200911:00\u202fPM', 'Thursday: 8:00\u202fAM\u2009–\u200911:00\u202fPM', 'Friday: 8:00\u202fAM\u2009–\u200911:00\u202fPM', 'Saturday: 8:00\u202fAM\u2009–\u200911:00\u202fPM', 'Sunday: Closed']"
ChIJj3zU40_afkcRMYTeY49Qdg8,Bar Nazionale,"['bar', 'point_of_interest', 'establishment']","Piazza delle Erbe, 41, 35122 Padova PD, Italy",4.3,635,,,https://m.facebook.com/pages/Bar-Nazionale/138550416191990,+39 049 657915,PRICE_LEVEL_MODERATE,bar,False,True,False,,,,True,True,"['Monday: 8:00\u202fAM\u2009–\u20099:00\u202fPM', 'Tuesday: 8:00\u202fAM\u2009–\u20099:00\u202fPM', 'Wednesday: 8:00\u202fAM\u2009–\u20099:00\u202fPM', 'Thursday: 8:00\u202fAM\u2009–\u20099:00\u202fPM', 'Friday: 8:00\u202fAM\u2009–\u20099:00\u202fPM', 'Saturday: 8:00\u202fAM\u2009–\u20099:00\u202fPM', 'Sunday: 8:00\u202fAM\u2009–\u20099:00\u202fPM']"
ChIJBVlgsTnafkcRJeoTzoYd0XE,Amsterdam - Eat Drink & Show,"['bar', 'restaurant', 'food', 'point_of_interest', 'establishment']","Via Vicenza, 23, 35138 Padova PD, Italy",4,618,,,https://amsterdampadova.it/,+39 049 547 8217,PRICE_LEVEL_MODERATE,bar,False,True,True,,False,True,True,True,"['Monday: Closed', 'Tuesday: 6:00\u202fPM\u2009–\u20092:00\u202fAM', 'Wednesday: 6:00\u202fPM\u2009–\u20092:00\u202fAM', 'Thursday: 6:00\u202fPM\u2009–\u20092:00\u202fAM', 'Friday: 6:00\u202fPM\u2009–\u20092:00\u202fAM', 'Saturday: 6:00\u202fPM\u2009–\u20092:00\u202fAM', 'Sunday: 6:00\u202fPM\u2009–\u20092:00\u202fAM']"
ChIJuU6dlkXafkcRLJtARyhyfYI,Antico Brolo l'Osteria,"['italian_restaurant', 'wedding_venue', 'event_venue', 'restaurant', 'food', 'point_of_interest', 'establishment']","Corso Milano, 22, 35139 Padova PD, Italy",4.3,1124,,,http://www.anticobrolo.it/,+39 049 664555,,italian_restaurant,True,True,True,False,True,True,True,True,"['Monday: 12:00\u2009–\u20092:30\u202fPM, 7:00\u2009–\u200910:00\u202fPM', 'Tuesday: 12:00\u2009–\u20092:30\u202fPM, 7:00\u2009–\u200910:00\u202fPM', 'Wednesday: 12:00\u2009–\u20092:30\u202fPM, 7:00\u2009–\u200910:00\u202fPM', 'Thursday: 7:00\u2009–\u200910:00\u202fPM', 'Friday: 12:00\u2009–\u20092:30\u202fPM, 7:00\u2009–\u200910:00\u202fPM', 'Saturday: 12:00\u2009–\u20093:00\u202fPM, 7:00\u2009–\u200910:30\u202fPM', 'Sunday: 12:00\u2009–\u20093:00\u202fPM, 7:00\u2009–\u20099:30\u202fPM']"
ChIJV2M7GFPafkcRM93CmDUQpq4,Passando Per Modena,"['restaurant', 'italian_restaurant', 'food', 'point_of_interest', 'establishment']","Prato della Valle, 117, 35123 Padova PD, Italy",4.3,2225,,,http://modena.passandoper.com/,+39 333 220 2177,PRICE_LEVEL_MODERATE,restaurant,True,True,True,True,True,True,True,True,"['Monday: 12:00\u2009–\u20093:00\u202fPM, 7:00\u2009–\u200910:00\u202fPM', 'Tuesday: 12:00\u2009–\u20093:00\u202fPM, 7:00\u2009–\u200910:00\u202fPM', 'Wednesday: 12:00\u2009–\u20093:00\u202fPM, 7:00\u2009–\u200910:00\u202fPM', 'Thursday: 12:00\u2009–\u20093:00\u202fPM, 7:00\u2009–\u200910:00\u202fPM', 'Friday: 12:00\u2009–\u20093:00\u202fPM, 7:00\u2009–\u200911:00\u202fPM', 'Saturday: 12:00\u2009–\u20093:00\u202fPM, 7:00\u2009–\u200911:00\u202fPM', 'Sunday: 12:00\u2009–\u20093:00\u202fPM, 7:00\u2009–\u200910:00\u202fPM']"
ChIJIWm-lxXbfkcR2SZ0UBpubvk,Ichiban Ramen Padova,"['ramen_restaurant', 'japanese_restaurant', 'restaurant', 'food', 'point_of_interest', 'establishment']","Via del Santo, 113, 35123 Padova PD, Italy",4.6,816,,,https://www.facebook.com/Ichiban-Ramen-Padova-115206479874300/,+39 049 830 9142,PRICE_LEVEL_MODERATE,ramen_restaurant,True,True,True,False,True,True,True,True,"['Monday: 12:00\u2009–\u20092:15\u202fPM, 7:00\u2009–\u200910:30\u202fPM', 'Tuesday: Closed', 'Wednesday: 12:00\u2009–\u20092:15\u202fPM, 7:00\u2009–\u200910:30\u202fPM', 'Thursday: 12:00\u2009–\u20092:15\u202fPM, 7:00\u2009–\u200910:30\u202fPM', 'Friday: 12:00\u2009–\u20092:15\u202fPM, 7:00\u2009–\u200910:30\u202fPM', 'Saturday: 12:00\u2009–\u20092:15\u202fPM, 7:00\u2009–\u200910:30\u202fPM', 'Sunday: 12:00\u2009–\u20092:15\u202fPM, 7:00\u2009–\u200910:30\u202fPM']"
ChIJAYYtjDLbfkcRbhEnwoYqiS0,Passando Per Firenze,"['restaurant', 'food', 'point_of_interest', 'establishment']","Via Adriatica, 63, 35125 Padova PD, Italy",4.4,911,,,https://firenze.passandoper.com/,+39 389 653 0544,PRICE_LEVEL_MODERATE,restaurant,True,True,True,,True,True,True,True,"['Monday: 12:00\u2009–\u20093:00\u202fPM, 7:00\u2009–\u200911:30\u202fPM', 'Tuesday: 12:00\u2009–\u20093:00\u202fPM, 7:00\u2009–\u200911:30\u202fPM', 'Wednesday: 12:00\u2009–\u20093:00\u202fPM, 7:00\u2009–\u200911:30\u202fPM', 'Thursday: 12:00\u2009–\u20093:00\u202fPM, 7:00\u2009–\u200911:30\u202fPM', 'Friday: 12:00\u2009–\u20093:00\u202fPM, 7:00\u2009–\u200911:30\u202fPM', 'Saturday: 12:00\u2009–\u20093:00\u202fPM, 7:00\u2009–\u200911:30\u202fPM', 'Sunday: 12:00\u2009–\u20093:00\u202fPM, 7:00\u2009–\u200911:30\u202fPM']"
ChIJWdpV5_7RfkcRI93ap-aXK90,La Mafaldina Pizzeria - Pontevigodarzere,"['pizza_restaurant', 'restaurant', 'food', 'point_of_interest', 'establishment']","Via dei Vivarini, 22, 35133 Padova PD, Italy",4.5,2455,,,https://www.lamafaldina.it/,+39 049 735 8018,PRICE_LEVEL_MODERATE,pizza_restaurant,True,True,True,False,,True,True,True,"['Monday: 7:00\u2009–\u200911:30\u202fPM', 'Tuesday: Closed', 'Wednesday: 7:00\u2009–\u200911:30\u202fPM', 'Thursday: 7:00\u2009–\u200911:30\u202fPM', 'Friday: 7:00\u2009–\u200911:30\u202fPM', 'Saturday: 7:00\u2009–\u200911:30\u202fPM', 'Sunday: 7:00\u2009–\u200911:30\u202fPM']"
ChIJ8cw2LlLafkcRoswH5B8vNBU,Antonio Ferrari - Storie di cibo e vino,"['restaurant', 'bar', 'food', 'point_of_interest', 'establishment']","Via Umberto I°, 15/17, 35100 Padova PD, Italy",4.1,1553,,,https://www.antonioferrari.it/,+39 328 769 3654,PRICE_LEVEL_MODERATE,restaurant,False,True,True,False,True,True,True,True,"['Monday: 12:00\u2009–\u20093:00\u202fPM, 6:30\u202fPM\u2009–\u200912:00\u202fAM', 'Tuesday: 12:00\u2009–\u20093:00\u202fPM, 6:30\u202fPM\u2009–\u200912:00\u202fAM', 'Wednesday: 12:00\u2009–\u20093:00\u202fPM, 6:30\u202fPM\u2009–\u200912:00\u202fAM', 'Thursday: 12:00\u2009–\u20093:00\u202fPM, 6:30\u202fPM\u2009–\u200912:00\u202fAM', 'Friday: 12:00\u2009–\u20093:00\u202fPM, 6:30\u202fPM\u2009–\u200912:00\u202fAM', 'Saturday: 12:00\u2009–\u20093:00\u202fPM, 6:30\u202fPM\u2009–\u200912:00\u202fAM', 'Sunday: 12:00\u2009–\u20093:00\u202fPM, 6:30\u202fPM\u2009–\u200912:00\u202fAM']"
ChIJ3UsowFDafkcR9WHsVtRoxeY,Gourmetteria,"['restaurant', 'grocery_store', 'bar', 'store', 'food', 'point_of_interest', 'establishment']","Via Zabarella, 23, 35121 Padova PD, Italy",4.1,1846,,,http://gourmetteria.com/,+39 049 659830,PRICE_LEVEL_MODERATE,restaurant,,True,True,,True,True,True,True,"['Monday: 10:00\u202fAM\u2009–\u200912:00\u202fAM', 'Tuesday: 10:00\u202fAM\u2009–\u200912:00\u202fAM', 'Wednesday: 10:00\u202fAM\u2009–\u200912:00\u202fAM', 'Thursday: 10:00\u202fAM\u2009–\u200912:00\u202fAM', 'Friday: 10:00\u202fAM\u2009–\u200912:00\u202fAM', 'Saturday: 10:00\u202fAM\u2009–\u200912:00\u202fAM', 'Sunday: 10:00\u202fAM\u2009–\u200912:00\u202fAM']"
ChIJ-y2_lD7afkcRfuWr-pW2IEU,Bamboo Cafe (Mma Silvestrin Snc Di Matteo & C),"['bar', 'restaurant', 'food', 'point_of_interest', 'establishment']","Via Giacinto Carini, 5, 35138 Padova PD, Italy",4.3,983,,,https://www.bamboocafe.it/,+39 375 702 4005,PRICE_LEVEL_MODERATE,bar,True,True,True,True,True,True,True,True,"['Monday: 11:30\u202fAM\u2009–\u20093:30\u202fPM, 5:30\u202fPM\u2009–\u20092:00\u202fAM', 'Tuesday: 11:30\u202fAM\u2009–\u20093:30\u202fPM, 5:30\u202fPM\u2009–\u20092:00\u202fAM', 'Wednesday: 11:30\u202fAM\u2009–\u20093:30\u202fPM, 5:30\u202fPM\u2009–\u20092:00\u202fAM', 'Thursday: 11:30\u202fAM\u2009–\u20093:30\u202fPM, 5:30\u202fPM\u2009–\u20093:00\u202fAM', 'Friday: 11:30\u202fAM\u2009–\u20093:30\u202fPM, 5:30\u202fPM\u2009–\u20093:00\u202fAM', 'Saturday: 5:30\u202fPM\u2009–\u20093:00\u202fAM', 'Sunday: 5:15\u202fPM\u2009–\u20092:00\u202fAM']"
ChIJu9bZt0_afkcRsYoU1BCI1SI,Osteria dal Capo,"['restaurant', 'italian_restaurant', 'food', 'point_of_interest', 'establishment']","Via Obizzi, 2 Adiacente, 35122 Padova PD, Italy",4.4,1352,,,http://www.osteriadalcapo.it/,+39 049 663105,PRICE_LEVEL_MODERATE,restaurant,False,True,True,False,True,True,True,True,"['Monday: 7:00\u2009–\u200910:00\u202fPM', 'Tuesday: 12:00\u2009–\u20092:30\u202fPM, 7:00\u2009–\u200910:00\u202fPM', 'Wednesday: 12:00\u2009–\u20092:30\u202fPM, 7:00\u2009–\u200910:00\u202fPM', 'Thursday: 12:00\u2009–\u20092:30\u202fPM, 7:00\u2009–\u200910:00\u202fPM', 'Friday: 12:00\u2009–\u20092:30\u202fPM, 7:00\u2009–\u200910:00\u202fPM', 'Saturday: 12:00\u2009–\u20092:30\u202fPM', 'Sunday: Closed']"
ChIJyw1lHP_ZfkcRmBOh3bn0fq8,Parco Degli Alpini,"['tourist_attraction', 'park', 'restaurant', 'food', 'point_of_interest', 'establishment']","Via Capitello, 66, 35136 Padova PD, Italy",4.3,1161,,,http://www.facebook.com/Parco-degli-Alpini-Padova-108123803885645,+39 347 804 3179,,park,,,,,,,,,"['Monday: 9:00\u202fAM\u2009–\u200912:00\u202fAM', 'Tuesday: 9:00\u202fAM\u2009–\u200912:00\u202fAM', 'Wednesday: 9:00\u202fAM\u2009–\u200912:00\u202fAM', 'Thursday: 9:00\u202fAM\u2009–\u200912:00\u202fAM', 'Friday: 9:00\u202fAM\u2009–\u20092:00\u202fAM', 'Saturday: 9:00\u202fAM\u2009–\u20092:00\u202fAM', 'Sunday: 9:00\u202fAM\u2009–\u20092:00\u202fAM']"
ChIJ4aOff1rafkcRLpeSS2KAsPI,da Pino Padova,"['pizza_restaurant', 'italian_restaurant', 'meal_takeaway', 'restaurant', 'food', 'point_of_interest', 'establishment']","Piazza Camillo Benso Conte di Cavour, 20, 35122 Padova PD, Italy",4.2,4334,,,http://www.dapino.it/,+39 049 662675,PRICE_LEVEL_MODERATE,pizza_restaurant,,True,True,False,True,True,True,True,"['Monday: 12:00\u2009–\u20092:30\u202fPM, 6:30\u2009–\u200911:00\u202fPM', 'Tuesday: 12:00\u2009–\u20092:30\u202fPM, 6:30\u2009–\u200911:00\u202fPM', 'Wednesday: 12:00\u2009–\u20092:30\u202fPM, 6:30\u2009–\u200911:00\u202fPM', 'Thursday: 12:00\u2009–\u20092:30\u202fPM, 6:30\u2009–\u200911:00\u202fPM', 'Friday: 12:00\u2009–\u20092:30\u202fPM, 6:30\u202fPM\u2009–\u200912:00\u202fAM', 'Saturday: 12:00\u2009–\u20092:30\u202fPM, 6:30\u202fPM\u2009–\u200912:00\u202fAM', 'Sunday: 12:00\u2009–\u20092:30\u202fPM, 6:30\u2009–\u200911:00\u202fPM']"
ChIJu1hZhe_afkcRP9DllyZrTwM,Il Chiosco,"['restaurant', 'cultural_center', 'pizza_restaurant', 'event_venue', 'bar', 'food', 'point_of_interest', 'establishment']","Via Ludovico Ariosto, 10, 35128 Padova PD, Italy",4.2,1320,,,http://ilchiosco.pd.it/,+39 334 200 4006,PRICE_LEVEL_MODERATE,restaurant,False,True,True,,True,True,True,True,
ChIJQR9o0zTafkcRA76TSnrQuiw,Fastdrink24,"['restaurant', 'pizza_restaurant', 'hamburger_restaurant', 'meal_takeaway', 'american_restaurant', 'bar', 'food', 'point_of_interest', 'establishment']","Via Sorio, 64/A, 35141 Padova PD, Italy",4.2,647,,,http://www.fastdrink24.it/,+39 345 173 7833,PRICE_LEVEL_INEXPENSIVE,restaurant,True,True,True,False,,True,True,True,"['Monday: 6:30\u202fPM\u2009–\u20092:30\u202fAM', 'Tuesday: 6:30\u202fPM\u2009–\u20092:30\u202fAM', 'Wednesday: 6:30\u202fPM\u2009–\u20092:30\u202fAM', 'Thursday: 6:30\u202fPM\u2009–\u20092:30\u202fAM', 'Friday: 6:30\u202fPM\u2009–\u20094:00\u202fAM', 'Saturday: 6:30\u202fPM\u2009–\u20094:00\u202fAM', 'Sunday: 6:30\u202fPM\u2009–\u20092:30\u202fAM']"
ChIJpRELuhrafkcRnDlt89IH6Ms,Palaindoor di Padova,"['athletic_field', 'bar', 'point_of_interest', 'establishment']","Viale Nereo Rocco, 35136 Padova PD, Italy",4.4,1032,,,http://www.padovanet.it/dettaglio.jsp?tasstipo=C&tassidpadre=191&tassid=192&id=18931#.VGOJCfl5N1a,+39 334 956 0608,,,,,,,,,,,
ChIJU6EOI6PbfkcRwIMN0vUMDSA,Taverna del Porto - Pub Birreria Indipendente,"['hamburger_restaurant', 'american_restaurant', 'bar', 'restaurant', 'food', 'point_of_interest', 'establishment']","Via Armistizio, 9, 35142 Padova PD, Italy",4.4,941,,,http://www.tavernadelporto.it/,+39 049 692444,PRICE_LEVEL_MODERATE,bar,False,True,True,,False,True,True,True,"['Monday: Closed', 'Tuesday: Closed', 'Wednesday: 6:00\u202fPM\u2009–\u200912:00\u202fAM', 'Thursday: 6:00\u202fPM\u2009–\u200912:00\u202fAM', 'Friday: 6:00\u202fPM\u2009–\u20091:00\u202fAM', 'Saturday: 6:00\u202fPM\u2009–\u20091:00\u202fAM', 'Sunday: 6:00\u202fPM\u2009–\u200912:00\u202fAM']"
ChIJXz4wKkXafkcRwwTNqexhh4M,Attimi,"['sushi_restaurant', 'cafe', 'japanese_restaurant', 'bar', 'restaurant', 'food', 'point_of_interest', 'establishment']","Via Martiri della Libertà, 7, 35137 Padova PD, Italy",4.3,1885,,,https://www.attimi-sushi.com/,+39 049 501 0758,PRICE_LEVEL_MODERATE,sushi_restaurant,True,True,True,False,True,True,True,True,"['Monday: Closed', 'Tuesday: 12:00\u2009–\u20093:00\u202fPM, 7:00\u202fPM\u2009–\u200912:00\u202fAM', 'Wednesday: 12:00\u2009–\u20093:00\u202fPM, 7:00\u202fPM\u2009–\u200912:00\u202fAM', 'Thursday: 12:00\u2009–\u20093:00\u202fPM, 7:00\u202fPM\u2009–\u200912:00\u202fAM', 'Friday: 12:00\u2009–\u20093:00\u202fPM, 7:00\u202fPM\u2009–\u200912:00\u202fAM', 'Saturday: 12:00\u2009–\u20093:00\u202fPM, 7:00\u202fPM\u2009–\u200912:00\u202fAM', 'Sunday: 12:00\u2009–\u20093:00\u202fPM, 7:00\u202fPM\u2009–\u200912:00\u202fAM']"
ChIJXz4wKkXafkcRwwTNqexhh4M,Attimi,"['sushi_restaurant', 'cafe', 'japanese_restaurant', 'bar', 'restaurant', 'food', 'point_of_interest', 'establishment']","Via Martiri della Libertà, 7, 35137 Padova PD, Italy",4.3,1885,,,https://www.attimi-sushi.com/,+39 049 501 0758,PRICE_LEVEL_MODERATE,sushi_restaurant,True,True,True,False,True,True,True,True,"['Monday: Closed', 'Tuesday: 12:00\u2009–\u20093:00\u202fPM, 7:00\u202fPM\u2009–\u200912:00\u202fAM', 'Wednesday: 12:00\u2009–\u20093:00\u202fPM, 7:00\u202fPM\u2009–\u200912:00\u202fAM', 'Thursday: 12:00\u2009–\u20093:00\u202fPM, 7:00\u202fPM\u2009–\u200912:00\u202fAM', 'Friday: 12:00\u2009–\u20093:00\u202fPM, 7:00\u202fPM\u2009–\u200912:00\u202fAM', 'Saturday: 12:00\u2009–\u20093:00\u202fPM, 7:00\u202fPM\u2009–\u200912:00\u202fAM', 'Sunday: 12:00\u2009–\u20093:00\u202fPM, 7:00\u202fPM\u2009–\u200912:00\u202fAM']"
ChIJL7_PE1fafkcRgSh4yy4s7hY,Osteria Nane della Giulia,"['italian_restaurant', 'restaurant', 'food', 'point_of_interest', 'establishment']","Via Santa Sofia, 1, 35121 Padova PD, Italy",4.3,1514,,,,+39 049 660742,PRICE_LEVEL_MODERATE,italian_restaurant,False,True,True,False,True,True,True,True,"['Monday: 12:00\u2009–\u20093:00\u202fPM, 7:00\u202fPM\u2009–\u200912:00\u202fAM', 'Tuesday: 12:00\u2009–\u20093:00\u202fPM, 7:00\u202fPM\u2009–\u200912:00\u202fAM', 'Wednesday: 12:00\u2009–\u20093:00\u202fPM, 7:00\u202fPM\u2009–\u200912:00\u202fAM', 'Thursday: 12:00\u2009–\u20093:00\u202fPM, 7:00\u202fPM\u2009–\u200912:00\u202fAM', 'Friday: 12:00\u2009–\u20093:00\u202fPM, 7:00\u202fPM\u2009–\u200912:00\u202fAM', 'Saturday: 12:00\u2009–\u20093:00\u202fPM, 7:00\u202fPM\u2009–\u200912:00\u202fAM', 'Sunday: 12:00\u2009–\u20093:00\u202fPM, 7:00\u202fPM\u2009–\u200912:00\u202fAM']"
